timestamp,inf_time_ms,fps,detections
2026-02-12T05:32:04.830061,10830.42,0.06,1
2026-02-12T05:32:04.961564,131.20,0.12,1
2026-02-12T05:32:04.990904,29.10,0.18,1
2026-02-12T05:32:05.017483,26.31,0.24,1
2026-02-12T05:32:05.045989,28.28,0.30,1
2026-02-12T05:32:05.076408,30.17,0.36,1
2026-02-12T05:32:05.105930,29.29,0.43,1
2026-02-12T05:32:05.136370,30.21,0.48,1
2026-02-12T05:32:05.167049,30.43,0.54,1
2026-02-12T05:32:05.205345,36.36,0.60,1
2026-02-12T05:32:05.240385,34.79,0.66,1
2026-02-12T05:32:05.279611,38.99,0.72,1
2026-02-12T05:32:05.320747,40.90,0.78,1
2026-02-12T05:32:05.357806,36.80,0.84,1
2026-02-12T05:32:05.394904,36.82,0.90,1
2026-02-12T05:32:05.428352,33.21,0.95,1
2026-02-12T05:32:05.461757,33.14,1.01,1
2026-02-12T05:32:05.538551,76.56,1.07,1
2026-02-12T05:32:05.569628,30.83,1.12,1
2026-02-12T05:32:05.597335,27.43,1.18,1
2026-02-12T05:32:05.632035,27.40,1.24,1
2026-02-12T05:32:05.665243,26.65,1.29,1
2026-02-12T05:32:05.707993,26.07,1.35,1
2026-02-12T05:32:05.732382,24.13,1.40,1
2026-02-12T05:32:05.760446,26.18,1.46,1
2026-02-12T05:32:05.791853,25.01,1.52,1
2026-02-12T05:32:05.827481,24.42,1.57,1
2026-02-12T05:32:05.859476,25.27,1.63,1
2026-02-12T05:32:05.897515,30.05,1.68,1
2026-02-12T05:32:05.937575,28.78,1.73,1
2026-02-12T05:32:05.963726,24.42,1.79,1
2026-02-12T05:32:05.996157,24.71,1.84,1
2026-02-12T05:32:06.031215,24.70,1.90,1
2026-02-12T05:32:06.061319,23.58,1.95,1
2026-02-12T05:32:06.103855,27.76,2.00,1
2026-02-12T05:32:06.137008,24.92,2.06,1
2026-02-12T05:32:06.168708,25.24,2.11,1
2026-02-12T05:32:06.198799,24.85,2.16,1
2026-02-12T05:32:06.284250,29.66,2.21,1
2026-02-12T05:32:06.312787,28.27,2.26,1
2026-02-12T05:32:06.337297,24.25,2.32,1
2026-02-12T05:32:06.379870,24.80,2.37,1
2026-02-12T05:32:06.403858,23.76,2.42,1
2026-02-12T05:32:06.438872,24.98,2.47,1
2026-02-12T05:32:06.475494,27.83,2.52,1
2026-02-12T05:32:06.508422,28.75,2.57,1
2026-02-12T05:32:06.548114,29.60,2.62,1
2026-02-12T05:32:06.589189,35.25,2.67,1
2026-02-12T05:32:06.622969,33.54,2.72,1
2026-02-12T05:32:06.662074,38.86,2.77,1
2026-02-12T05:32:06.704721,42.39,2.82,1
2026-02-12T05:32:06.752079,44.36,2.87,1
2026-02-12T05:32:06.796948,44.54,2.92,1
2026-02-12T05:32:06.838634,41.27,2.97,1
2026-02-12T05:32:06.875401,36.46,3.02,1
2026-02-12T05:32:06.913404,37.63,3.06,1
2026-02-12T05:32:06.953793,40.02,3.11,1
2026-02-12T05:32:07.030501,76.31,3.15,1
2026-02-12T05:32:07.077156,46.21,3.20,1
2026-02-12T05:32:07.122035,44.43,3.25,1
2026-02-12T05:32:07.165973,43.49,3.29,1
2026-02-12T05:32:07.210006,43.62,3.34,1
2026-02-12T05:32:07.249503,39.01,3.38,1
2026-02-12T05:32:07.284802,34.91,3.43,1
2026-02-12T05:32:07.312645,27.49,3.48,1
2026-02-12T05:32:07.339782,26.75,3.53,1
2026-02-12T05:32:07.365513,25.44,3.58,1
2026-02-12T05:32:07.392652,26.84,3.63,1
2026-02-12T05:32:07.422250,29.13,3.67,1
2026-02-12T05:32:07.516557,93.77,3.71,1
2026-02-12T05:32:07.556514,39.51,3.75,1
2026-02-12T05:32:07.658577,101.71,3.79,1
2026-02-12T05:32:07.743284,84.40,3.82,1
2026-02-12T05:32:07.768856,25.31,3.87,0
2026-02-12T05:32:07.790011,20.95,3.92,0
2026-02-12T05:32:07.807108,16.90,3.96,0
2026-02-12T05:32:07.834796,18.34,4.01,0
2026-02-12T05:32:07.871166,18.27,4.06,0
2026-02-12T05:32:07.901892,21.55,4.10,0
2026-02-12T05:32:07.935613,20.44,4.15,0
2026-02-12T05:32:07.979068,27.60,4.19,0
2026-02-12T05:32:08.006154,21.57,4.23,0
2026-02-12T05:32:08.035476,18.26,4.28,0
2026-02-12T05:32:08.078499,23.43,4.32,0
2026-02-12T05:32:08.105485,19.97,4.37,0
2026-02-12T05:32:08.143621,23.12,4.41,0
2026-02-12T05:32:08.176477,18.82,4.45,0
2026-02-12T05:32:08.208932,19.55,4.50,0
2026-02-12T05:32:08.246026,23.28,4.54,0
2026-02-12T05:32:08.279358,21.78,4.58,0
2026-02-12T05:32:08.308989,19.92,4.63,0
2026-02-12T05:32:08.343354,20.64,4.67,0
2026-02-12T05:32:08.379217,18.67,4.71,0
2026-02-12T05:32:08.416181,23.30,4.75,0
2026-02-12T05:32:08.444875,20.29,4.80,0
2026-02-12T05:32:08.489404,25.82,4.84,0
2026-02-12T05:32:08.518056,21.88,4.88,0
2026-02-12T05:32:08.552023,24.91,4.92,0
2026-02-12T05:32:08.590158,20.18,4.96,0
2026-02-12T05:32:08.617898,18.42,5.00,0
2026-02-12T05:32:08.654014,24.38,5.05,0
2026-02-12T05:32:08.692589,25.21,5.09,0
2026-02-12T05:32:08.719271,23.74,5.13,0
2026-02-12T05:32:08.746981,18.39,5.17,0
2026-02-12T05:32:08.804666,20.34,5.21,0
2026-02-12T05:32:08.823815,18.96,5.25,0
2026-02-12T05:32:08.846627,17.52,5.29,0
2026-02-12T05:32:08.878948,17.36,5.34,0
2026-02-12T05:32:08.913398,19.02,5.38,0
2026-02-12T05:32:08.953199,23.79,5.41,0
2026-02-12T05:32:08.982903,18.83,5.46,0
2026-02-12T05:32:09.015646,20.43,5.50,0
2026-02-12T05:32:09.047085,18.80,5.54,0
2026-02-12T05:32:09.081914,21.14,5.58,0
2026-02-12T05:32:09.120265,20.86,5.61,0
2026-02-12T05:32:09.137438,16.97,5.66,0
2026-02-12T05:32:09.185302,18.58,5.69,0
2026-02-12T05:32:09.204993,19.14,5.74,0
2026-02-12T05:32:09.258277,28.47,5.77,0
2026-02-12T05:32:09.277485,18.91,5.81,0
2026-02-12T05:32:09.319573,22.39,5.85,0
2026-02-12T05:32:09.348142,19.51,5.89,0
2026-02-12T05:32:09.385017,24.23,5.93,0
2026-02-12T05:32:09.416119,19.87,5.97,0
2026-02-12T05:32:09.454302,22.50,6.00,0
2026-02-12T05:32:09.482006,21.27,6.04,0
2026-02-12T05:32:09.514429,20.56,6.08,0
2026-02-12T05:32:09.538899,20.10,6.12,0
2026-02-12T05:32:09.589107,23.19,6.16,0
2026-02-12T05:32:09.617655,23.59,6.20,0
2026-02-12T05:32:09.636796,18.40,6.24,0
2026-02-12T05:32:09.690594,28.31,6.27,0
2026-02-12T05:32:09.718017,22.53,6.31,0
2026-02-12T05:32:09.740974,22.22,6.35,0
2026-02-12T05:32:09.787143,24.20,6.38,0
2026-02-12T05:32:09.816421,21.60,6.42,0
2026-02-12T05:32:09.858450,21.32,6.46,0
2026-02-12T05:32:09.879197,20.51,6.50,0
2026-02-12T05:32:09.919889,22.59,6.53,0
2026-02-12T05:32:09.951868,24.39,6.57,0
2026-02-12T05:32:09.985830,25.26,6.60,0
2026-02-12T05:32:10.028040,24.38,6.64,0
2026-02-12T05:32:10.054302,25.03,6.68,0
2026-02-12T05:32:10.094244,31.46,6.71,0
2026-02-12T05:32:10.125519,31.04,6.75,0
2026-02-12T05:32:10.160909,33.28,6.78,0
2026-02-12T05:32:10.191176,30.03,6.82,0
2026-02-12T05:32:10.233666,33.73,6.85,0
2026-02-12T05:32:10.265409,31.51,6.89,0
2026-02-12T05:32:10.298002,32.37,6.93,0
2026-02-12T05:32:10.330327,32.06,6.96,0
2026-02-12T05:32:10.360892,30.32,7.00,0
2026-02-12T05:32:10.392066,28.89,7.03,0
2026-02-12T05:32:10.423401,28.24,7.07,0
2026-02-12T05:32:10.465262,30.03,7.10,0
2026-02-12T05:32:10.489970,24.50,7.14,0
2026-02-12T05:32:10.522679,25.25,7.17,0
2026-02-12T05:32:10.558535,23.34,7.21,0
2026-02-12T05:32:10.586252,22.69,7.24,0
2026-02-12T05:32:10.620266,22.89,7.28,0
2026-02-12T05:32:10.653591,22.93,7.31,0
2026-02-12T05:32:10.684507,21.53,7.35,0
2026-02-12T05:32:10.720697,21.45,7.38,0
2026-02-12T05:32:10.753733,21.65,7.42,0
2026-02-12T05:32:10.787112,21.16,7.45,0
2026-02-12T05:32:10.820700,22.03,7.48,0
2026-02-12T05:32:10.853560,21.11,7.52,0
2026-02-12T05:32:10.888511,21.75,7.55,0
2026-02-12T05:32:10.918293,21.47,7.58,0
2026-02-12T05:32:10.951494,21.90,7.62,0
2026-02-12T05:32:10.993440,24.13,7.65,0
2026-02-12T05:32:11.021082,25.15,7.68,0
2026-02-12T05:32:11.052283,22.94,7.72,0
2026-02-12T05:32:11.089584,23.57,7.75,0
2026-02-12T05:32:11.120471,24.50,7.78,0
2026-02-12T05:32:11.156701,26.83,7.82,0
2026-02-12T05:32:11.201160,32.84,7.84,0
2026-02-12T05:32:11.233227,31.82,7.88,0
2026-02-12T05:32:11.269679,36.22,7.91,0
2026-02-12T05:32:11.311430,38.08,7.94,0
2026-02-12T05:32:11.350144,38.44,7.97,0
2026-02-12T05:32:11.391686,39.18,8.00,0
2026-02-12T05:32:11.430083,38.14,8.03,0
2026-02-12T05:32:11.468381,38.03,8.06,0
2026-02-12T05:32:11.500803,32.16,8.09,0
2026-02-12T05:32:11.531807,30.75,8.12,0
2026-02-12T05:32:11.562459,30.39,8.16,0
2026-02-12T05:32:11.593773,31.06,8.19,0
2026-02-12T05:32:11.623554,29.49,8.22,0
2026-02-12T05:32:11.655958,32.12,8.25,0
2026-02-12T05:32:11.691601,35.34,8.28,0
2026-02-12T05:32:11.721120,29.25,8.32,0
2026-02-12T05:32:11.753211,31.79,8.35,0
2026-02-12T05:32:11.785125,31.66,8.38,0
2026-02-12T05:32:11.818595,33.23,8.41,0
2026-02-12T05:32:11.848417,29.53,8.44,0
2026-02-12T05:32:11.881496,32.81,8.48,0
2026-02-12T05:32:11.915129,33.34,8.51,0
2026-02-12T05:32:11.946964,31.51,8.54,0
2026-02-12T05:32:12.011171,59.26,8.56,0
2026-02-12T05:32:12.042202,30.41,8.59,0
2026-02-12T05:32:12.069058,26.54,8.62,0
2026-02-12T05:32:12.097089,27.75,8.65,0
2026-02-12T05:32:12.123285,25.92,8.69,0
2026-02-12T05:32:12.150601,27.00,8.72,0
2026-02-12T05:32:12.178248,27.38,8.75,0
2026-02-12T05:32:12.209822,27.31,8.78,0
2026-02-12T05:32:12.236727,26.60,8.81,0
2026-02-12T05:32:12.267521,26.22,8.84,0
2026-02-12T05:32:12.299826,25.77,8.87,0
2026-02-12T05:32:12.332918,25.76,8.90,0
2026-02-12T05:32:12.366447,26.44,8.93,0
2026-02-12T05:32:12.401983,25.32,8.96,0
2026-02-12T05:32:12.435847,24.47,8.99,0
2026-02-12T05:32:12.466683,25.16,9.02,0
2026-02-12T05:32:12.497891,24.57,9.05,0
2026-02-12T05:32:12.531851,24.16,9.08,0
2026-02-12T05:32:12.564797,23.96,9.11,0
2026-02-12T05:32:12.598864,24.07,9.14,0
2026-02-12T05:32:12.645795,23.25,9.16,0
2026-02-12T05:32:12.670074,23.40,9.20,0
2026-02-12T05:32:12.697325,22.30,9.23,0
2026-02-12T05:32:12.729061,22.93,9.26,0
2026-02-12T05:32:12.763643,23.19,9.28,0
2026-02-12T05:32:12.799893,24.75,9.31,0
2026-02-12T05:32:12.835708,24.34,9.34,0
2026-02-12T05:32:12.865531,25.36,9.37,0
2026-02-12T05:32:12.906891,28.80,9.39,0
2026-02-12T05:32:12.935110,25.63,9.42,0
2026-02-12T05:32:12.966008,26.40,9.45,0
2026-02-12T05:32:13.004093,25.98,9.48,0
2026-02-12T05:32:13.033146,27.04,9.51,0
2026-02-12T05:32:13.067261,27.58,9.54,0
2026-02-12T05:32:13.098472,25.69,9.57,0
2026-02-12T05:32:13.131929,25.39,9.59,0
2026-02-12T05:32:13.163902,24.52,9.62,0
2026-02-12T05:32:13.198581,24.60,9.65,0
2026-02-12T05:32:13.229382,24.27,9.68,0
2026-02-12T05:32:13.263316,23.76,9.71,0
2026-02-12T05:32:13.304691,23.93,9.73,0
2026-02-12T05:32:13.328481,22.46,9.76,0
2026-02-12T05:32:13.363079,22.23,9.79,0
2026-02-12T05:32:13.397637,22.53,9.81,0
2026-02-12T05:32:13.427134,22.68,9.84,0
2026-02-12T05:32:13.464991,24.49,9.87,0
2026-02-12T05:32:13.495283,22.54,9.90,0
2026-02-12T05:32:13.527856,21.94,9.92,0
2026-02-12T05:32:13.561662,21.52,9.95,0
2026-02-12T05:32:13.597073,20.77,9.98,0
2026-02-12T05:32:13.625475,20.35,10.00,0
2026-02-12T05:32:13.661356,22.61,10.03,0
2026-02-12T05:32:13.700214,24.75,10.05,0
2026-02-12T05:32:13.771260,24.41,10.07,0
2026-02-12T05:32:13.790349,18.88,10.10,0
2026-02-12T05:32:13.808428,17.88,10.13,0
2026-02-12T05:32:13.826538,17.92,10.16,0
2026-02-12T05:32:13.857415,18.58,10.19,0
2026-02-12T05:32:13.893357,20.85,10.22,0
2026-02-12T05:32:13.936761,27.55,10.24,0
2026-02-12T05:32:13.956527,18.59,10.27,0
2026-02-12T05:32:13.992650,20.45,10.29,0
2026-02-12T05:32:14.027845,22.46,10.32,0
2026-02-12T05:32:14.067143,27.27,10.34,0
2026-02-12T05:32:14.093699,22.57,10.37,0
2026-02-12T05:32:14.129170,25.21,10.40,0
2026-02-12T05:32:14.165316,23.41,10.42,0
2026-02-12T05:32:14.192546,21.87,10.45,0
2026-02-12T05:32:14.232162,20.83,10.47,0
2026-02-12T05:32:14.261438,20.70,10.50,0
2026-02-12T05:32:14.304903,26.21,10.52,0
2026-02-12T05:32:14.333946,21.97,10.55,0
2026-02-12T05:32:14.371576,25.88,10.57,0
2026-02-12T05:32:14.391421,19.64,10.60,0
2026-02-12T05:32:14.423013,18.52,10.63,0
2026-02-12T05:32:14.456751,18.81,10.65,0
2026-02-12T05:32:14.495838,24.88,10.67,0
2026-02-12T05:32:14.529631,22.00,10.70,0
2026-02-12T05:32:14.558092,20.56,10.73,0
2026-02-12T05:32:14.594591,23.53,10.75,0
2026-02-12T05:32:14.630794,22.26,10.77,0
2026-02-12T05:32:14.664037,25.84,10.80,0
2026-02-12T05:32:14.693360,22.65,10.82,0
2026-02-12T05:32:14.735364,24.50,10.84,0
2026-02-12T05:32:14.763655,24.77,10.87,0
2026-02-12T05:32:14.796524,25.35,10.89,0
2026-02-12T05:32:14.841963,30.49,10.91,0
2026-02-12T05:32:14.870791,28.62,10.94,0
2026-02-12T05:32:14.902202,28.20,10.97,0
2026-02-12T05:32:14.938312,30.98,10.99,0
2026-02-12T05:32:14.979211,32.98,11.01,0
2026-02-12T05:32:15.009024,29.57,11.03,0
2026-02-12T05:32:15.040070,30.81,11.06,0
2026-02-12T05:32:15.070415,30.11,11.08,0
2026-02-12T05:32:15.101888,28.37,11.11,0
2026-02-12T05:32:15.140930,29.78,11.13,0
2026-02-12T05:32:15.167154,25.83,11.16,0
2026-02-12T05:32:15.207414,25.05,11.18,0
2026-02-12T05:32:15.234973,25.01,11.20,0
2026-02-12T05:32:15.264216,24.50,11.23,0
2026-02-12T05:32:15.301205,25.94,11.25,0
2026-02-12T05:32:15.331872,25.25,11.28,0
2026-02-12T05:32:15.363717,23.64,11.30,0
2026-02-12T05:32:15.399208,23.15,11.32,0
2026-02-12T05:32:15.431929,24.08,11.35,0
2026-02-12T05:32:15.464313,23.42,11.37,0
2026-02-12T05:32:15.496759,24.33,11.39,0
2026-02-12T05:32:15.530861,23.73,11.42,0
2026-02-12T05:32:15.567018,25.77,11.44,0
2026-02-12T05:32:15.597946,25.43,11.46,0
2026-02-12T05:32:15.632288,25.56,11.48,0
2026-02-12T05:32:15.672024,27.62,11.50,0
2026-02-12T05:32:15.702527,26.58,11.53,0
2026-02-12T05:32:15.739564,30.98,11.55,0
2026-02-12T05:32:15.773505,33.68,11.57,0
2026-02-12T05:32:15.812476,34.42,11.59,0
2026-02-12T05:32:15.852298,39.61,11.61,0
2026-02-12T05:32:15.892540,40.02,11.63,0
2026-02-12T05:32:15.935578,42.81,11.65,0
2026-02-12T05:32:15.977767,41.95,11.67,0
2026-02-12T05:32:16.018822,40.82,11.69,0
2026-02-12T05:32:16.058088,39.00,11.71,0
2026-02-12T05:32:16.098908,38.27,11.73,0
2026-02-12T05:32:16.137384,36.70,11.75,0
2026-02-12T05:32:16.172340,34.74,11.77,0
2026-02-12T05:32:16.207778,35.21,11.79,0
2026-02-12T05:32:16.241327,33.32,11.81,0
2026-02-12T05:32:16.273656,30.59,11.83,0
2026-02-12T05:32:16.307476,29.78,11.85,0
2026-02-12T05:32:16.338175,30.38,11.88,0
2026-02-12T05:32:16.368883,29.41,11.90,0
2026-02-12T05:32:16.401535,29.45,11.92,0
2026-02-12T05:32:16.438314,28.56,11.94,0
2026-02-12T05:32:16.489673,28.59,11.96,0
2026-02-12T05:32:16.514940,25.04,11.98,0
2026-02-12T05:32:16.541461,26.28,12.01,0
2026-02-12T05:32:16.571994,26.01,12.03,0
2026-02-12T05:32:16.599844,27.58,12.05,0
2026-02-12T05:32:16.633131,26.82,12.07,0
2026-02-12T05:32:16.664214,25.68,12.10,0
2026-02-12T05:32:16.697768,25.08,12.12,0
2026-02-12T05:32:16.730656,25.33,12.14,0
2026-02-12T05:32:16.763299,25.13,12.16,0
2026-02-12T05:32:16.799664,28.04,12.18,0
2026-02-12T05:32:16.832682,26.45,12.20,0
2026-02-12T05:32:16.863795,24.67,12.22,0
2026-02-12T05:32:16.896053,24.71,12.24,0
2026-02-12T05:32:16.930786,24.74,12.26,0
2026-02-12T05:32:16.962495,25.18,12.29,0
2026-02-12T05:32:16.999852,27.29,12.31,0
2026-02-12T05:32:17.033391,27.07,12.33,0
2026-02-12T05:32:17.065769,25.45,12.35,0
2026-02-12T05:32:17.099564,25.10,12.37,0
2026-02-12T05:32:17.133190,23.89,12.39,0
2026-02-12T05:32:17.167374,25.28,12.41,0
2026-02-12T05:32:17.200452,23.92,12.43,0
2026-02-12T05:32:17.233082,22.68,12.45,0
2026-02-12T05:32:17.267733,22.47,12.47,0
2026-02-12T05:32:17.310297,21.49,12.49,0
2026-02-12T05:32:17.336380,20.31,12.51,0
2026-02-12T05:32:17.372122,20.62,12.53,0
2026-02-12T05:32:17.403042,20.27,12.55,0
2026-02-12T05:32:17.438099,21.09,12.57,0
2026-02-12T05:32:17.471061,21.60,12.59,0
2026-02-12T05:32:17.505417,22.31,12.61,0
2026-02-12T05:32:17.543359,24.55,12.63,0
2026-02-12T05:32:17.573843,24.06,12.65,0
2026-02-12T05:32:17.603244,19.20,12.67,0
2026-02-12T05:32:17.645700,22.42,12.69,0
2026-02-12T05:32:17.676763,19.55,12.71,0
2026-02-12T05:32:17.704373,17.12,12.73,0
2026-02-12T05:32:17.735846,20.16,12.75,0
2026-02-12T05:32:17.776411,27.15,12.77,0
2026-02-12T05:32:17.804064,21.06,12.79,0
2026-02-12T05:32:17.836799,20.75,12.81,0
2026-02-12T05:32:17.871397,18.20,12.83,0
2026-02-12T05:32:17.902593,18.12,12.85,0
2026-02-12T05:32:17.935158,19.54,12.87,0
2026-02-12T05:32:17.974170,21.65,12.88,0
2026-02-12T05:32:18.015929,20.02,12.90,0
2026-02-12T05:32:18.036775,20.13,12.93,0
2026-02-12T05:32:18.074895,23.01,12.94,0
2026-02-12T05:32:18.111833,27.40,12.96,0
2026-02-12T05:32:18.140934,20.63,12.98,0
2026-02-12T05:32:18.169979,19.08,13.00,0
2026-02-12T05:32:18.201621,20.10,13.02,0
2026-02-12T05:32:18.239857,24.09,13.04,0
2026-02-12T05:32:18.269888,18.58,13.06,0
2026-02-12T05:32:18.310921,18.24,13.08,0
2026-02-12T05:32:18.334795,19.84,13.10,0
2026-02-12T05:32:18.367927,18.79,13.12,0
2026-02-12T05:32:18.407964,26.02,13.13,0
2026-02-12T05:32:18.437575,21.67,13.15,0
2026-02-12T05:32:18.466651,18.52,13.18,0
2026-02-12T05:32:18.502687,19.96,13.19,0
2026-02-12T05:32:18.534197,19.51,13.21,0
2026-02-12T05:32:18.567465,18.72,13.23,0
2026-02-12T05:32:18.601303,20.01,13.25,0
2026-02-12T05:32:18.639119,24.63,13.27,0
2026-02-12T05:32:18.675806,21.26,13.28,0
2026-02-12T05:32:18.712353,26.04,13.30,0
2026-02-12T05:32:18.735084,19.93,13.32,0
2026-02-12T05:32:18.769411,18.67,13.34,0
2026-02-12T05:32:18.872433,29.48,13.33,0
2026-02-12T05:32:18.962089,29.57,13.32,0
2026-02-12T05:32:19.017992,24.20,13.33,0
2026-02-12T05:32:19.147684,84.89,13.31,0
2026-02-12T05:32:19.174956,27.02,13.33,0
2026-02-12T05:32:19.203614,19.43,13.35,0
2026-02-12T05:32:19.269065,24.41,13.35,0
2026-02-12T05:32:19.344629,27.84,13.35,0
2026-02-12T05:32:19.409625,27.58,13.36,0
2026-02-12T05:32:19.429530,19.68,13.38,0
2026-02-12T05:32:19.448173,18.45,13.40,0
2026-02-12T05:32:19.467519,19.15,13.43,0
2026-02-12T05:32:19.484801,17.10,13.45,0
2026-02-12T05:32:19.501601,16.62,13.48,0
2026-02-12T05:32:19.518137,16.38,13.50,0
2026-02-12T05:32:19.533941,15.64,13.53,0
2026-02-12T05:32:19.549645,15.54,13.55,0
2026-02-12T05:32:19.566132,16.32,13.58,0
2026-02-12T05:32:19.583079,16.76,13.60,0
2026-02-12T05:32:19.599932,16.09,13.63,0
2026-02-12T05:32:19.635841,18.71,13.65,0
2026-02-12T05:32:19.672266,18.72,13.66,0
2026-02-12T05:32:19.704169,20.44,13.68,0
2026-02-12T05:32:19.737352,20.71,13.70,0
2026-02-12T05:32:19.771560,21.26,13.71,0
2026-02-12T05:32:19.807877,24.10,13.73,0
2026-02-12T05:32:19.901913,68.17,13.72,1
2026-02-12T05:32:19.976628,74.01,13.72,1
2026-02-12T05:32:20.003360,26.50,13.74,1
2026-02-12T05:32:20.029717,26.08,13.76,1
2026-02-12T05:32:20.053726,23.78,13.78,1
2026-02-12T05:32:20.083342,24.75,13.80,1
2026-02-12T05:32:20.109412,20.62,13.82,1
2026-02-12T05:32:20.150107,27.25,13.84,1
2026-02-12T05:32:20.185195,23.66,13.85,1
2026-02-12T05:32:20.219473,27.75,13.87,1
2026-02-12T05:32:20.249864,24.83,13.89,1
2026-02-12T05:32:20.285042,25.06,13.90,1
2026-02-12T05:32:20.333015,29.96,13.91,1
2026-02-12T05:32:20.372810,26.11,13.93,1
2026-02-12T05:32:20.397220,24.18,13.95,1
2026-02-12T05:32:20.422587,25.14,13.97,1
2026-02-12T05:32:20.467854,26.38,13.98,1
2026-02-12T05:32:20.495607,25.68,14.00,1
2026-02-12T05:32:20.522821,25.82,14.02,1
2026-02-12T05:32:21.787482,1243.50,13.51,1
2026-02-12T05:32:21.816376,28.60,13.53,1
2026-02-12T05:32:21.845394,28.80,13.55,1
2026-02-12T05:32:21.865800,20.17,13.57,1
2026-02-12T05:32:21.890652,21.97,13.59,1
2026-02-12T05:32:21.971138,56.91,13.59,1
2026-02-12T05:32:21.998829,27.46,13.61,1
2026-02-12T05:32:22.025465,23.11,13.63,0
2026-02-12T05:32:22.053031,20.94,13.65,1
2026-02-12T05:32:22.092773,17.86,13.66,0
2026-02-12T05:32:22.118802,17.19,13.68,0
2026-02-12T05:32:22.155428,20.70,13.69,0
2026-02-12T05:32:22.189814,21.51,13.71,0
2026-02-12T05:32:22.236655,30.65,13.72,0
2026-02-12T05:32:22.256093,19.25,13.74,0
2026-02-12T05:32:22.305176,21.08,13.75,0
2026-02-12T05:32:22.321158,15.79,13.78,0
2026-02-12T05:32:22.358061,18.51,13.79,0
2026-02-12T05:32:22.402452,21.26,13.80,0
2026-02-12T05:32:22.428250,21.10,13.82,0
2026-02-12T05:32:22.465636,20.58,13.83,0
2026-02-12T05:32:22.497513,22.55,13.85,0
2026-02-12T05:32:22.529505,19.31,13.87,0
2026-02-12T05:32:22.561900,19.41,13.88,0
2026-02-12T05:32:22.594531,19.14,13.90,0
2026-02-12T05:32:22.636831,24.16,13.91,0
2026-02-12T05:32:22.669554,20.62,13.93,0
2026-02-12T05:32:22.698656,23.28,13.95,0
2026-02-12T05:32:22.741390,18.78,13.96,0
2026-02-12T05:32:22.759835,18.29,13.98,0
2026-02-12T05:32:22.799405,24.39,13.99,0
2026-02-12T05:32:22.853807,28.87,14.00,0
2026-02-12T05:32:22.888101,24.89,14.01,0
2026-02-12T05:32:22.911861,23.53,14.03,0
2026-02-12T05:32:22.934338,22.28,14.05,0
2026-02-12T05:32:22.965091,21.24,14.07,0
2026-02-12T05:32:22.995330,20.63,14.09,0
2026-02-12T05:32:23.029684,20.50,14.10,0
2026-02-12T05:32:23.062389,21.81,14.12,0
2026-02-12T05:32:23.099160,24.35,14.13,0
2026-02-12T05:32:23.129194,19.87,14.15,0
2026-02-12T05:32:23.161776,19.79,14.16,0
2026-02-12T05:32:23.201249,20.56,14.18,0
2026-02-12T05:32:23.236309,25.06,14.19,0
2026-02-12T05:32:23.260347,19.07,14.21,0
2026-02-12T05:32:23.294824,20.56,14.22,0
2026-02-12T05:32:23.337068,25.19,14.24,0
2026-02-12T05:32:23.364172,23.72,14.25,0
2026-02-12T05:32:23.394148,18.68,14.27,0
2026-02-12T05:32:23.431747,20.73,14.28,0
2026-02-12T05:32:23.468280,26.69,14.30,0
2026-02-12T05:32:23.496924,23.39,14.31,0
2026-02-12T05:32:23.535220,27.88,14.33,0
2026-02-12T05:32:23.572507,26.66,14.34,0
2026-02-12T05:32:23.598146,19.73,14.36,0
2026-02-12T05:32:23.624014,18.20,14.38,0
2026-02-12T05:32:23.660544,20.33,14.39,0
2026-02-12T05:32:23.693260,20.03,14.41,0
2026-02-12T05:32:23.728068,20.98,14.42,0
2026-02-12T05:32:23.772665,26.24,14.43,0
2026-02-12T05:32:23.792490,19.33,14.45,0
2026-02-12T05:32:23.827666,19.87,14.46,0
2026-02-12T05:32:23.862341,20.65,14.48,0
2026-02-12T05:32:23.893659,20.68,14.49,0
2026-02-12T05:32:23.932653,23.70,14.51,0
2026-02-12T05:32:23.965611,19.84,14.52,0
2026-02-12T05:32:23.993838,20.30,14.54,0
2026-02-12T05:32:24.028008,20.48,14.55,0
2026-02-12T05:32:24.059647,19.13,14.57,0
2026-02-12T05:32:24.117528,41.00,14.57,0
2026-02-12T05:32:24.141374,23.63,14.59,0
2026-02-12T05:32:24.163254,20.67,14.61,0
2026-02-12T05:32:24.219128,43.04,14.61,0
2026-02-12T05:32:24.274455,54.09,14.62,0
2026-02-12T05:32:24.311649,36.79,14.63,0
2026-02-12T05:32:24.335996,24.00,14.65,0
2026-02-12T05:32:24.367865,24.04,14.67,0
2026-02-12T05:32:24.410644,29.46,14.68,0
2026-02-12T05:32:24.495714,75.03,14.67,0
2026-02-12T05:32:24.567669,71.41,14.67,0
2026-02-12T05:32:24.628191,59.94,14.67,0
2026-02-12T05:32:24.717342,88.39,14.66,0
2026-02-12T05:32:24.772235,54.39,14.67,0
2026-02-12T05:32:24.842496,69.65,14.67,0
2026-02-12T05:32:24.885780,42.90,14.68,0
2026-02-12T05:32:24.934853,48.76,14.68,0
2026-02-12T05:32:24.963922,28.78,14.70,0
2026-02-12T05:32:24.992143,27.68,14.72,0
2026-02-12T05:32:25.018884,26.42,14.73,0
2026-02-12T05:32:25.043396,24.19,14.75,0
2026-02-12T05:32:25.092507,41.92,14.76,0
2026-02-12T05:32:25.122716,29.87,14.77,0
2026-02-12T05:32:25.155786,32.71,14.79,0
2026-02-12T05:32:25.191781,35.45,14.80,0
2026-02-12T05:32:25.233336,40.99,14.81,0
2026-02-12T05:32:25.280942,47.19,14.82,0
2026-02-12T05:32:25.324233,42.77,14.83,0
2026-02-12T05:32:25.389954,30.15,14.83,0
2026-02-12T05:32:25.419380,28.92,14.84,0
2026-02-12T05:32:25.462346,35.33,14.85,0
2026-02-12T05:32:25.490278,27.61,14.87,0
2026-02-12T05:32:25.515197,24.54,14.89,0
2026-02-12T05:32:25.540552,24.96,14.90,0
2026-02-12T05:32:25.584873,33.38,14.91,0
2026-02-12T05:32:25.642456,49.57,14.92,0
2026-02-12T05:32:25.667849,25.06,14.93,0
2026-02-12T05:32:25.768119,83.62,14.92,0
2026-02-12T05:32:25.920062,148.13,14.89,0
2026-02-12T05:32:26.024776,103.94,14.87,0
2026-02-12T05:32:26.096355,70.70,14.87,0
2026-02-12T05:32:26.172516,75.63,14.87,0
2026-02-12T05:32:26.237182,63.96,14.87,0
2026-02-12T05:32:26.330116,92.10,14.86,0
2026-02-12T05:32:26.406209,75.49,14.85,0
2026-02-12T05:32:26.549236,142.48,14.82,0
2026-02-12T05:32:26.688274,138.33,14.80,0
2026-02-12T05:32:26.768290,79.50,14.79,0
2026-02-12T05:32:26.831866,62.96,14.79,0
2026-02-12T05:32:26.913462,81.17,14.79,0
2026-02-12T05:32:27.068901,154.87,14.75,0
2026-02-12T05:32:27.199134,129.61,14.73,0
2026-02-12T05:32:27.268472,68.23,14.73,0
2026-02-12T05:32:27.308231,39.27,14.74,0
2026-02-12T05:32:27.338120,29.39,14.75,0
2026-02-12T05:32:27.460023,120.24,14.73,0
2026-02-12T05:32:27.773492,311.06,14.64,0
2026-02-12T05:32:27.831200,56.99,14.65,0
2026-02-12T05:32:27.912826,81.27,14.64,0
2026-02-12T05:32:27.986129,70.29,14.64,0
2026-02-12T05:32:28.356145,369.31,14.53,0
2026-02-12T05:32:28.535615,178.74,14.49,0
2026-02-12T05:32:28.617640,81.54,14.48,0
2026-02-12T05:32:28.684094,66.05,14.48,0
2026-02-12T05:32:28.886225,201.56,14.44,0
2026-02-12T05:32:29.063855,176.93,14.40,0
2026-02-12T05:32:29.132240,67.96,14.40,0
2026-02-12T05:32:29.228038,95.42,14.39,0
2026-02-12T05:32:29.335806,107.32,14.37,0
2026-02-12T05:32:29.427393,91.02,14.37,0
2026-02-12T05:32:29.485556,57.05,14.37,0
2026-02-12T05:32:29.541513,55.35,14.38,0
2026-02-12T05:32:29.623310,81.40,14.37,0
2026-02-12T05:32:29.710926,83.47,14.37,0
2026-02-12T05:32:29.788569,76.84,14.36,0
2026-02-12T05:32:29.840103,50.92,14.37,0
2026-02-12T05:32:29.927475,82.86,14.36,0
2026-02-12T05:32:30.032477,104.40,14.35,0
2026-02-12T05:32:30.240141,206.27,14.30,0
2026-02-12T05:32:30.370628,127.84,14.28,0
2026-02-12T05:32:30.467237,95.95,14.27,0
2026-02-12T05:32:30.532304,64.62,14.27,0
2026-02-12T05:32:30.596188,63.54,14.28,0
2026-02-12T05:32:30.654813,58.24,14.28,0
2026-02-12T05:32:30.714752,59.43,14.28,0
2026-02-12T05:32:30.787520,71.30,14.28,0
2026-02-12T05:32:30.999739,211.38,14.23,0
2026-02-12T05:32:31.032870,32.59,14.25,0
2026-02-12T05:32:31.064892,31.65,14.26,0
2026-02-12T05:32:31.094925,29.63,14.27,0
2026-02-12T05:32:31.124628,29.37,14.29,0
2026-02-12T05:32:31.164150,39.01,14.30,0
2026-02-12T05:32:31.288734,124.13,14.28,0
2026-02-12T05:32:31.376873,87.63,14.27,0
2026-02-12T05:32:31.446396,68.92,14.27,0
2026-02-12T05:32:31.569386,120.03,14.26,0
2026-02-12T05:32:31.644531,74.15,14.25,0
2026-02-12T05:32:31.800651,155.68,14.23,0
2026-02-12T05:32:31.928998,127.97,14.21,0
2026-02-12T05:32:32.062132,132.79,14.19,0
2026-02-12T05:32:32.175533,112.89,14.17,0
2026-02-12T05:32:32.262932,86.77,14.17,0
2026-02-12T05:32:32.338251,74.80,14.16,0
2026-02-12T05:32:32.398589,59.56,14.17,0
2026-02-12T05:32:32.466739,67.55,14.17,0
2026-02-12T05:32:32.535397,68.29,14.17,0
2026-02-12T05:32:32.615997,80.15,14.17,0
2026-02-12T05:32:32.687859,66.77,14.17,0
2026-02-12T05:32:32.803343,113.26,14.15,0
2026-02-12T05:32:32.880909,76.86,14.15,0
2026-02-12T05:32:32.949338,67.75,14.15,0
2026-02-12T05:32:33.055811,105.92,14.14,0
2026-02-12T05:32:33.139673,83.29,14.13,0
2026-02-12T05:32:33.205015,64.84,14.14,0
2026-02-12T05:32:33.347497,129.03,14.12,0
2026-02-12T05:32:33.412803,61.64,14.11,0
2026-02-12T05:32:33.470713,57.48,14.12,0
2026-02-12T05:32:33.561181,86.08,14.11,0
2026-02-12T05:32:33.649239,85.57,14.11,0
2026-02-12T05:32:33.729351,79.62,14.10,0
2026-02-12T05:32:33.802404,72.65,14.10,0
2026-02-12T05:32:33.899939,97.10,14.10,0
2026-02-12T05:32:33.976109,75.62,14.09,0
2026-02-12T05:32:34.063579,86.99,14.09,0
2026-02-12T05:32:34.150075,84.50,14.08,0
2026-02-12T05:32:34.272509,121.03,14.07,0
2026-02-12T05:32:34.346274,73.27,14.07,0
2026-02-12T05:32:34.412377,65.50,14.07,0
2026-02-12T05:32:34.477045,63.33,14.07,0
2026-02-12T05:32:34.548503,70.22,14.07,0
2026-02-12T05:32:34.828048,279.01,14.01,0
2026-02-12T05:32:34.884856,56.35,14.01,0
2026-02-12T05:32:34.936165,50.84,14.02,0
2026-02-12T05:32:35.051226,114.62,14.00,0
2026-02-12T05:32:35.185216,132.11,13.99,0
2026-02-12T05:32:35.237779,51.52,13.99,0
2026-02-12T05:32:35.372615,134.21,13.97,0
2026-02-12T05:32:35.465649,92.19,13.97,0
2026-02-12T05:32:35.598746,132.35,13.95,0
2026-02-12T05:32:35.897343,291.17,13.88,0
2026-02-12T05:32:35.984136,86.16,13.88,0
2026-02-12T05:32:36.032896,48.00,13.88,0
2026-02-12T05:32:36.075383,41.96,13.89,0
2026-02-12T05:32:36.189808,113.75,13.88,0
2026-02-12T05:32:36.286724,95.11,13.87,0
2026-02-12T05:32:36.366609,79.33,13.87,0
2026-02-12T05:32:36.422616,55.47,13.87,0
2026-02-12T05:32:36.483737,60.61,13.88,0
2026-02-12T05:32:36.561750,76.76,13.88,0
2026-02-12T05:32:36.636709,74.26,13.88,0
2026-02-12T05:32:36.712800,75.67,13.87,0
2026-02-12T05:32:36.809064,95.82,13.87,0
2026-02-12T05:32:36.879687,69.89,13.87,0
2026-02-12T05:32:36.957813,77.71,13.87,0
2026-02-12T05:32:37.073840,113.04,13.85,0
2026-02-12T05:32:37.132511,57.26,13.86,0
2026-02-12T05:32:37.190582,57.61,13.86,0
2026-02-12T05:32:37.273336,82.25,13.86,0
2026-02-12T05:32:37.352909,72.48,13.86,0
2026-02-12T05:32:37.436575,83.14,13.85,0
2026-02-12T05:32:37.533358,95.77,13.85,0
2026-02-12T05:32:37.615988,81.32,13.84,0
2026-02-12T05:32:37.730608,113.97,13.83,0
2026-02-12T05:32:37.796443,65.36,13.83,0
2026-02-12T05:32:37.867580,70.69,13.83,0
2026-02-12T05:32:37.923013,55.02,13.84,0
2026-02-12T05:32:37.979745,56.33,13.84,0
2026-02-12T05:32:38.039712,59.59,13.85,0
2026-02-12T05:32:38.104733,64.42,13.85,0
2026-02-12T05:32:38.204767,99.36,13.84,0
2026-02-12T05:32:38.363507,158.22,13.82,0
2026-02-12T05:32:38.427314,63.27,13.82,0
2026-02-12T05:32:38.490860,62.95,13.82,0
2026-02-12T05:32:38.545140,53.78,13.83,0
2026-02-12T05:32:38.609585,63.98,13.83,0
2026-02-12T05:32:38.675698,65.65,13.83,0
2026-02-12T05:32:38.740388,64.27,13.83,0
2026-02-12T05:32:38.799078,58.19,13.84,0
2026-02-12T05:32:38.848219,48.75,13.84,0
2026-02-12T05:32:38.896039,47.45,13.85,0
2026-02-12T05:32:38.943869,47.43,13.86,0
2026-02-12T05:32:39.003597,59.15,13.86,0
2026-02-12T05:32:39.111460,107.20,13.85,0
2026-02-12T05:32:39.255644,143.71,13.83,0
2026-02-12T05:32:39.395280,139.12,13.81,0
2026-02-12T05:32:39.542746,146.83,13.79,0
2026-02-12T05:32:39.658712,115.26,13.78,0
2026-02-12T05:32:39.802859,143.12,13.76,0
2026-02-12T05:32:39.878265,74.87,13.76,0
2026-02-12T05:32:39.963372,84.29,13.76,0
2026-02-12T05:32:40.022231,57.00,13.76,0
2026-02-12T05:32:40.052723,30.03,13.77,0
2026-02-12T05:32:40.078778,25.63,13.78,0
2026-02-12T05:32:40.128496,27.78,13.79,0
2026-02-12T05:32:40.156054,27.15,13.80,0
2026-02-12T05:32:40.182528,26.16,13.81,0
2026-02-12T05:32:40.205577,22.73,13.83,0
2026-02-12T05:32:40.234599,23.51,13.84,0
2026-02-12T05:32:40.259882,22.19,13.85,0
2026-02-12T05:32:40.303869,32.84,13.86,0
2026-02-12T05:32:40.336643,30.09,13.87,0
2026-02-12T05:32:40.405547,42.07,13.87,0
2026-02-12T05:32:40.446886,40.88,13.88,0
2026-02-12T05:32:40.490083,42.59,13.89,0
2026-02-12T05:32:40.542915,52.34,13.89,0
2026-02-12T05:32:40.673638,127.01,13.88,0
2026-02-12T05:32:40.753769,77.92,13.87,0
2026-02-12T05:32:40.805008,50.66,13.88,0
2026-02-12T05:32:40.853624,48.22,13.88,0
2026-02-12T05:32:40.897093,42.83,13.89,0
2026-02-12T05:32:40.929667,32.05,13.90,0
2026-02-12T05:32:40.956559,26.42,13.91,0
2026-02-12T05:32:40.986455,29.44,13.93,0
2026-02-12T05:32:41.021304,31.28,13.94,0
2026-02-12T05:32:41.056920,35.16,13.95,0
2026-02-12T05:32:41.090991,33.48,13.96,0
2026-02-12T05:32:41.120903,29.41,13.97,0
2026-02-12T05:32:41.164911,43.47,13.97,0
2026-02-12T05:32:41.205021,39.53,13.98,0
2026-02-12T05:32:41.234464,28.99,13.99,0
2026-02-12T05:32:41.266069,31.10,14.00,0
2026-02-12T05:32:41.302808,36.10,14.01,0
2026-02-12T05:32:41.362903,59.62,14.02,0
2026-02-12T05:32:41.403735,40.41,14.02,0
2026-02-12T05:32:41.448917,44.51,14.03,0
2026-02-12T05:32:41.492917,43.22,14.04,0
2026-02-12T05:32:41.528863,35.47,14.05,0
2026-02-12T05:32:41.558709,29.36,14.06,0
2026-02-12T05:32:41.588199,29.05,14.07,0
2026-02-12T05:32:41.616617,27.99,14.08,0
2026-02-12T05:32:41.685275,67.45,14.08,0
2026-02-12T05:32:41.727213,41.47,14.09,0
2026-02-12T05:32:41.760317,32.66,14.10,0
2026-02-12T05:32:41.795348,34.53,14.11,0
2026-02-12T05:32:41.829263,33.07,14.12,0
2026-02-12T05:32:41.947006,117.32,14.11,0
2026-02-12T05:32:41.981930,34.54,14.12,0
2026-02-12T05:32:42.016503,34.00,14.13,0
2026-02-12T05:32:42.048450,31.55,14.14,0
2026-02-12T05:32:42.110242,39.10,14.14,0
2026-02-12T05:32:42.161398,50.43,14.14,0
2026-02-12T05:32:42.196331,34.38,14.15,0
2026-02-12T05:32:42.231580,34.82,14.16,0
2026-02-12T05:32:42.266696,34.68,14.17,0
2026-02-12T05:32:42.306598,39.29,14.18,0
2026-02-12T05:32:42.350667,43.65,14.19,0
2026-02-12T05:32:42.394473,43.33,14.19,0
2026-02-12T05:32:42.447140,52.28,14.20,0
2026-02-12T05:32:42.483157,35.64,14.21,0
2026-02-12T05:32:42.516254,32.62,14.22,0
2026-02-12T05:32:42.552114,34.50,14.23,0
2026-02-12T05:32:42.748537,74.69,14.19,0
2026-02-12T05:32:42.808090,57.68,14.20,0
2026-02-12T05:32:42.907147,43.28,14.19,0
2026-02-12T05:32:42.944304,36.71,14.20,0
2026-02-12T05:32:43.105243,103.62,14.17,0
2026-02-12T05:32:43.230580,124.64,14.16,0
2026-02-12T05:32:43.477581,246.31,14.11,0
2026-02-12T05:32:43.515463,37.21,14.12,0
2026-02-12T05:32:43.562137,46.18,14.13,0
2026-02-12T05:32:43.615466,52.56,14.13,0
2026-02-12T05:32:43.699257,83.34,14.13,0
2026-02-12T05:32:43.790568,90.80,14.12,0
2026-02-12T05:32:43.867625,75.67,14.12,0
2026-02-12T05:32:43.968884,100.68,14.11,0
2026-02-12T05:32:44.051924,82.60,14.11,0
2026-02-12T05:32:44.173021,120.62,14.10,0
2026-02-12T05:32:44.256815,83.23,14.10,0
2026-02-12T05:32:44.359183,101.60,14.09,0
2026-02-12T05:32:44.455140,95.46,14.08,0
2026-02-12T05:32:44.552343,96.53,14.08,0
2026-02-12T05:32:44.638109,85.26,14.07,0
2026-02-12T05:32:44.733974,95.27,14.07,0
2026-02-12T05:32:44.826894,92.24,14.06,0
2026-02-12T05:32:45.032797,205.20,14.03,0
2026-02-12T05:32:45.095261,61.90,14.03,0
2026-02-12T05:32:45.141977,46.26,14.03,0
2026-02-12T05:32:45.175129,32.51,14.04,0
2026-02-12T05:32:45.221335,45.61,14.05,0
2026-02-12T05:32:45.276642,54.74,14.05,0
2026-02-12T05:32:45.345359,68.08,14.05,0
2026-02-12T05:32:45.481983,135.84,14.04,0
2026-02-12T05:32:45.593320,108.50,14.03,0
2026-02-12T05:32:45.679298,84.69,14.03,0
2026-02-12T05:32:45.789542,109.14,14.02,0
2026-02-12T05:32:45.865649,75.19,14.01,0
2026-02-12T05:32:45.956821,90.72,14.01,0
2026-02-12T05:32:46.037641,80.00,14.01,0
2026-02-12T05:32:46.119432,81.36,14.00,0
2026-02-12T05:32:46.202894,83.04,14.00,0
2026-02-12T05:32:46.286546,83.23,14.00,0
2026-02-12T05:32:46.351472,64.20,14.00,0
2026-02-12T05:32:46.403589,51.49,14.00,0
2026-02-12T05:32:46.461760,57.72,14.01,0
2026-02-12T05:32:46.515406,53.16,14.01,0
2026-02-12T05:32:46.560130,44.28,14.02,0
2026-02-12T05:32:46.608788,48.20,14.02,0
2026-02-12T05:32:46.645765,36.56,14.03,0
2026-02-12T05:32:46.676913,30.79,14.04,0
2026-02-12T05:32:46.707752,30.51,14.05,0
2026-02-12T05:32:46.737640,29.52,14.06,0
2026-02-12T05:32:46.764627,26.68,14.07,0
2026-02-12T05:32:46.791540,26.64,14.08,0
2026-02-12T05:32:46.817329,25.54,14.09,0
2026-02-12T05:32:46.847170,24.67,14.10,0
2026-02-12T05:32:46.885728,23.47,14.11,0
2026-02-12T05:32:46.916282,22.52,14.12,0
2026-02-12T05:32:46.946900,22.61,14.13,0
2026-02-12T05:32:46.978213,22.54,14.14,0
2026-02-12T05:32:47.013746,24.82,14.15,0
2026-02-12T05:32:47.045598,22.25,14.16,0
2026-02-12T05:32:47.078877,22.87,14.17,0
2026-02-12T05:32:47.110331,21.80,14.18,0
2026-02-12T05:32:47.150932,21.05,14.18,0
2026-02-12T05:32:47.175246,20.66,14.20,0
2026-02-12T05:32:47.220478,19.84,14.20,0
2026-02-12T05:32:47.244004,19.45,14.21,0
2026-02-12T05:32:47.275548,20.62,14.22,0
2026-02-12T05:32:47.307432,20.21,14.23,0
2026-02-12T05:32:47.343505,22.08,14.24,0
2026-02-12T05:32:47.382458,19.29,14.25,0
2026-02-12T05:32:47.411164,21.00,14.26,0
2026-02-12T05:32:47.446029,26.01,14.27,0
2026-02-12T05:32:47.476049,21.64,14.28,0
2026-02-12T05:32:47.510128,21.32,14.29,0
2026-02-12T05:32:47.540643,19.97,14.29,0
2026-02-12T05:32:47.573684,18.72,14.30,0
2026-02-12T05:32:47.605367,17.80,14.31,0
2026-02-12T05:32:47.642709,19.67,14.32,0
2026-02-12T05:32:47.678228,26.79,14.33,0
2026-02-12T05:32:47.704259,19.49,14.34,0
2026-02-12T05:32:47.738966,20.78,14.35,0
2026-02-12T05:32:47.777422,23.64,14.36,0
2026-02-12T05:32:47.809587,21.29,14.36,0
2026-02-12T05:32:47.845378,23.44,14.37,0
2026-02-12T05:32:47.878837,22.70,14.38,0
2026-02-12T05:32:47.911172,20.23,14.39,0
2026-02-12T05:32:47.946633,20.61,14.40,0
2026-02-12T05:32:47.985227,26.88,14.41,0
2026-02-12T05:32:48.013009,19.84,14.42,0
2026-02-12T05:32:48.046455,19.36,14.43,0
2026-02-12T05:32:48.079065,17.88,14.43,0
2026-02-12T05:32:48.118782,20.56,14.44,0
2026-02-12T05:32:48.150651,21.38,14.45,0
2026-02-12T05:32:48.183315,20.29,14.46,0
2026-02-12T05:32:48.216980,19.75,14.47,0
2026-02-12T05:32:48.259336,21.22,14.47,0
2026-02-12T05:32:48.287490,21.34,14.48,0
2026-02-12T05:32:48.321071,21.73,14.49,0
2026-02-12T05:32:48.365496,26.07,14.50,0
2026-02-12T05:32:48.397543,30.52,14.51,0
2026-02-12T05:32:48.433093,32.29,14.52,0
2026-02-12T05:32:48.462167,25.46,14.53,0
2026-02-12T05:32:48.489000,20.45,14.54,0
2026-02-12T05:32:48.524974,21.51,14.54,0
2026-02-12T05:32:48.560393,24.23,14.55,0
2026-02-12T05:32:48.591103,21.00,14.56,0
2026-02-12T05:32:48.629369,20.12,14.57,0
2026-02-12T05:32:48.665483,25.50,14.58,0
2026-02-12T05:32:48.694790,22.66,14.59,0
2026-02-12T05:32:48.727344,19.93,14.59,0
2026-02-12T05:32:48.760831,21.06,14.60,0
2026-02-12T05:32:48.791518,18.95,14.61,0
2026-02-12T05:32:48.831707,22.11,14.62,0
2026-02-12T05:32:48.858846,19.18,14.63,0
2026-02-12T05:32:48.895810,20.70,14.64,0
2026-02-12T05:32:48.930386,19.75,14.65,0
2026-02-12T05:32:48.967673,27.25,14.65,0
2026-02-12T05:32:48.991787,18.65,14.66,0
2026-02-12T05:32:49.024862,18.92,14.67,0
2026-02-12T05:32:49.063015,22.49,14.68,0
2026-02-12T05:32:49.093850,21.10,14.69,0
2026-02-12T05:32:49.129813,24.01,14.70,0
2026-02-12T05:32:49.161706,21.77,14.70,0
2026-02-12T05:32:49.196828,22.18,14.71,0
2026-02-12T05:32:49.234532,24.59,14.72,0
2026-02-12T05:32:49.270616,25.66,14.73,0
2026-02-12T05:32:49.295096,18.97,14.74,0
2026-02-12T05:32:49.324150,18.54,14.75,0
2026-02-12T05:32:49.366575,21.00,14.75,0
2026-02-12T05:32:49.391643,18.74,14.76,0
2026-02-12T05:32:49.425962,19.31,14.77,0
2026-02-12T05:32:49.464536,23.33,14.78,0
2026-02-12T05:32:49.491722,20.10,14.79,0
2026-02-12T05:32:49.528252,23.32,14.80,0
2026-02-12T05:32:49.558194,20.02,14.81,0
2026-02-12T05:32:49.593314,21.92,14.81,0
2026-02-12T05:32:49.628467,23.00,14.82,0
2026-02-12T05:32:49.663328,24.63,14.83,0
2026-02-12T05:32:49.699299,25.49,14.84,0
2026-02-12T05:32:49.727965,22.02,14.85,0
2026-02-12T05:32:49.764022,19.77,14.85,0
2026-02-12T05:32:49.801680,21.92,14.86,0
2026-02-12T05:32:49.827648,19.67,14.87,0
2026-02-12T05:32:49.868895,26.60,14.88,0
2026-02-12T05:32:49.903075,23.70,14.89,0
2026-02-12T05:32:49.931459,20.15,14.90,0
2026-02-12T05:32:49.965236,19.01,14.90,0
2026-02-12T05:32:49.998069,18.61,14.91,0
2026-02-12T05:32:50.037861,23.98,14.92,0
2026-02-12T05:32:50.073262,26.30,14.93,0
2026-02-12T05:32:50.103995,17.83,14.93,0
2026-02-12T05:32:50.135847,20.01,14.94,0
2026-02-12T05:32:50.168976,19.42,14.95,0
2026-02-12T05:32:50.240030,32.30,14.95,0
2026-02-12T05:32:50.266227,25.90,14.96,0
2026-02-12T05:32:50.289129,22.64,14.97,0
2026-02-12T05:32:50.316719,27.32,14.98,0
2026-02-12T05:32:50.345603,27.62,14.99,0
2026-02-12T05:32:50.383587,31.59,15.00,0
2026-02-12T05:32:50.445628,57.25,15.00,0
2026-02-12T05:32:50.534109,88.07,14.99,0
2026-02-12T05:32:50.651301,116.80,14.98,0
2026-02-12T05:32:50.733372,81.57,14.98,0
2026-02-12T05:32:50.809925,76.05,14.97,0
2026-02-12T05:32:50.865738,55.39,14.98,0
2026-02-12T05:32:50.928140,62.04,14.98,0
2026-02-12T05:32:50.988567,60.15,14.98,0
2026-02-12T05:32:51.033346,44.48,14.98,0
2026-02-12T05:32:51.091167,57.53,14.99,0
2026-02-12T05:32:51.142752,51.35,14.99,0
2026-02-12T05:32:51.193928,50.94,14.99,0
2026-02-12T05:32:51.244884,50.69,15.00,0
2026-02-12T05:32:51.295188,50.03,15.00,0
2026-02-12T05:32:51.350651,55.14,15.00,0
2026-02-12T05:32:51.406558,55.58,15.01,0
2026-02-12T05:32:51.451254,44.39,15.01,0
2026-02-12T05:32:51.483264,31.72,15.02,0
2026-02-12T05:32:51.510658,27.05,15.03,0
2026-02-12T05:32:51.537472,26.60,15.04,0
2026-02-12T05:32:51.563063,25.39,15.05,0
2026-02-12T05:32:51.588681,25.42,15.06,0
2026-02-12T05:32:51.613834,24.95,15.07,0
2026-02-12T05:32:51.643786,25.10,15.08,0
2026-02-12T05:32:51.690716,42.50,15.08,0
2026-02-12T05:32:51.727647,36.68,15.09,0
2026-02-12T05:32:51.765883,37.99,15.10,0
2026-02-12T05:32:51.803537,37.41,15.10,0
2026-02-12T05:32:51.860877,57.07,15.11,0
2026-02-12T05:32:51.922573,61.42,15.11,0
2026-02-12T05:32:51.986786,63.95,15.11,0
2026-02-12T05:32:52.060219,73.20,15.10,0
2026-02-12T05:32:52.164574,104.01,15.10,0
2026-02-12T05:32:52.248398,83.49,15.09,0
2026-02-12T05:32:52.314241,65.44,15.09,0
2026-02-12T05:32:52.378239,63.72,15.09,0
2026-02-12T05:32:52.433047,54.48,15.10,0
2026-02-12T05:32:52.479394,45.92,15.10,0
2026-02-12T05:32:52.531530,51.59,15.10,0
2026-02-12T05:32:52.593122,61.25,15.10,0
2026-02-12T05:32:52.641458,48.04,15.11,0
2026-02-12T05:32:52.685982,44.25,15.11,0
2026-02-12T05:32:52.716386,30.15,15.12,0
2026-02-12T05:32:52.744386,27.71,15.13,0
2026-02-12T05:32:52.774245,26.92,15.14,0
2026-02-12T05:32:52.806950,26.60,15.15,0
2026-02-12T05:32:52.844356,30.11,15.15,0
2026-02-12T05:32:52.871324,24.99,15.16,0
2026-02-12T05:32:52.907260,26.17,15.17,0
2026-02-12T05:32:52.939904,25.22,15.18,0
2026-02-12T05:32:52.976749,23.57,15.19,0
2026-02-12T05:32:53.004258,23.28,15.19,0
2026-02-12T05:32:53.036578,23.01,15.20,0
2026-02-12T05:32:53.074319,24.11,15.21,0
2026-02-12T05:32:53.101679,22.10,15.22,0
2026-02-12T05:32:53.135305,22.53,15.23,0
2026-02-12T05:32:53.168733,22.30,15.23,0
2026-02-12T05:32:53.210849,30.70,15.24,0
2026-02-12T05:32:53.245417,30.29,15.25,0
2026-02-12T05:32:53.286497,39.55,15.25,0
2026-02-12T05:32:53.340446,53.70,15.25,0
2026-02-12T05:32:53.426549,85.75,15.25,0
2026-02-12T05:32:53.524678,97.81,15.24,0
2026-02-12T05:32:53.613342,88.31,15.24,0
2026-02-12T05:32:53.686891,73.19,15.23,0
2026-02-12T05:32:53.764220,76.99,15.23,0
2026-02-12T05:32:53.839941,75.40,15.23,0
2026-02-12T05:32:53.921080,80.81,15.23,0
2026-02-12T05:32:54.005686,84.19,15.22,0
2026-02-12T05:32:54.086941,80.91,15.22,0
2026-02-12T05:32:54.159706,72.43,15.22,0
2026-02-12T05:32:54.230627,70.56,15.22,0
2026-02-12T05:32:54.305353,74.34,15.21,0
2026-02-12T05:32:54.360543,54.80,15.22,0
2026-02-12T05:32:54.415844,54.89,15.22,0
2026-02-12T05:32:54.476608,60.37,15.22,0
2026-02-12T05:32:54.530540,53.61,15.22,0
2026-02-12T05:32:54.588646,57.64,15.22,0
2026-02-12T05:32:54.638560,49.53,15.23,0
2026-02-12T05:32:54.698652,59.78,15.23,0
2026-02-12T05:32:54.779206,80.31,15.22,0
2026-02-12T05:32:54.864836,85.30,15.22,0
2026-02-12T05:32:55.004358,139.14,15.20,0
2026-02-12T05:32:55.206262,201.61,15.17,0
2026-02-12T05:32:55.290789,84.10,15.17,0
2026-02-12T05:32:55.334360,42.79,15.17,0
2026-02-12T05:32:55.454602,119.92,15.16,0
2026-02-12T05:32:55.509234,54.26,15.16,0
2026-02-12T05:32:55.565116,55.56,15.17,0
2026-02-12T05:32:55.644089,78.52,15.16,0
2026-02-12T05:32:55.717929,73.41,15.16,0
2026-02-12T05:32:55.761303,42.99,15.17,0
2026-02-12T05:32:55.840476,78.76,15.16,0
2026-02-12T05:32:55.883171,42.34,15.17,0
