timestamp,people_count,latency,cpu,is_violation
2026-02-13 23:35:17,0,1011.5,0.0,0
2026-02-13 23:35:18,0,79.3,34.5,0
2026-02-13 23:35:18,0,72.6,33.3,0
2026-02-13 23:35:18,0,46.8,33.3,0
2026-02-13 23:35:18,0,50.2,27.5,0
2026-02-13 23:35:18,0,47.4,40.0,0
2026-02-13 23:35:18,0,51.4,23.7,0
2026-02-13 23:35:18,0,46.0,0.0,0
2026-02-13 23:35:18,0,25.1,0.0,0
2026-02-13 23:35:18,0,23.9,0.0,0
2026-02-13 23:35:18,0,23.9,0.0,0
2026-02-13 23:35:18,0,22.6,0.0,0
2026-02-13 23:35:18,0,21.5,0.0,0
2026-02-13 23:35:18,0,21.2,0.0,0
2026-02-13 23:35:18,0,20.3,26.2,0
2026-02-13 23:35:18,0,19.8,34.6,0
2026-02-13 23:35:18,0,52.6,42.1,0
2026-02-13 23:35:18,0,30.2,40.9,0
2026-02-13 23:35:18,0,27.1,33.3,0
2026-02-13 23:35:18,0,21.8,0.0,0
2026-02-13 23:35:18,0,23.1,0.0,0
2026-02-13 23:35:18,0,19.4,0.0,0
2026-02-13 23:35:18,0,22.0,0.0,0
2026-02-13 23:35:18,0,48.1,0.0,0
2026-02-13 23:35:18,0,39.0,0.0,0
2026-02-13 23:35:19,0,51.5,0.0,0
2026-02-13 23:35:19,0,82.3,0.0,0
2026-02-13 23:35:19,0,65.3,0.0,0
2026-02-13 23:35:19,0,49.2,0.0,0
2026-02-13 23:35:19,0,21.7,0.0,0
2026-02-13 23:35:19,0,21.2,0.0,0
2026-02-13 23:35:19,0,23.0,0.0,0
2026-02-13 23:35:19,0,20.1,0.0,0
2026-02-13 23:35:19,0,24.5,0.0,0
2026-02-13 23:35:19,0,29.7,0.0,0
2026-02-13 23:35:19,0,23.9,0.0,0
2026-02-13 23:35:19,0,20.5,0.0,0
2026-02-13 23:35:19,0,22.1,0.0,0
2026-02-13 23:35:19,0,26.4,0.0,0
2026-02-13 23:35:19,0,22.9,27.5,0
2026-02-13 23:35:19,0,28.4,20.0,0
2026-02-13 23:35:19,0,22.8,35.3,0
2026-02-13 23:35:19,0,51.0,25.0,0
2026-02-13 23:35:19,0,67.5,32.6,0
2026-02-13 23:35:19,0,66.7,25.0,0
2026-02-13 23:35:19,0,38.1,16.7,0
2026-02-13 23:35:19,0,37.0,42.9,0
2026-02-13 23:35:19,0,22.9,18.2,0
2026-02-13 23:35:19,0,22.0,0.0,0
2026-02-13 23:35:19,0,25.4,0.0,0
2026-02-13 23:35:20,0,32.3,0.0,0
2026-02-13 23:35:20,0,24.5,0.0,0
2026-02-13 23:35:20,0,67.4,0.0,0
2026-02-13 23:35:20,0,48.7,0.0,0
2026-02-13 23:35:20,0,42.2,0.0,0
2026-02-13 23:35:20,0,23.1,0.0,0
2026-02-13 23:35:20,0,25.5,0.0,0
2026-02-13 23:35:20,0,21.9,0.0,0
2026-02-13 23:35:20,0,35.7,0.0,0
2026-02-13 23:35:20,0,25.9,0.0,0
2026-02-13 23:35:20,0,27.7,0.0,0
2026-02-13 23:35:20,0,28.8,0.0,0
2026-02-13 23:35:20,0,25.2,0.0,0
2026-02-13 23:35:20,0,33.8,0.0,0
2026-02-13 23:35:20,0,28.6,35.5,0
2026-02-13 23:35:20,0,22.8,34.3,0
2026-02-13 23:35:20,0,24.4,32.4,0
2026-02-13 23:35:20,0,94.1,91.4,0
2026-02-13 23:35:20,0,70.0,87.2,0
2026-02-13 23:35:20,0,98.9,64.8,0
2026-02-13 23:35:20,0,47.7,0.0,0
2026-02-13 23:35:20,0,30.7,0.0,0
2026-02-13 23:35:20,0,24.8,0.0,0
2026-02-13 23:35:21,0,23.3,0.0,0
2026-02-13 23:35:21,0,24.6,0.0,0
2026-02-13 23:35:21,0,26.8,0.0,0
2026-02-13 23:35:21,0,24.0,0.0,0
2026-02-13 23:35:21,0,27.3,0.0,0
2026-02-13 23:35:21,0,23.4,0.0,0
2026-02-13 23:35:21,0,28.4,0.0,0
2026-02-13 23:35:21,0,28.2,0.0,0
2026-02-13 23:35:21,0,24.1,0.0,0
2026-02-13 23:35:21,0,32.7,0.0,0
2026-02-13 23:35:21,0,25.8,0.0,0
2026-02-13 23:35:21,0,25.5,0.0,0
2026-02-13 23:35:21,0,31.0,0.0,0
2026-02-13 23:35:21,0,28.6,0.0,0
2026-02-13 23:35:21,0,29.7,39.9,0
2026-02-13 23:35:21,0,25.1,21.9,0
2026-02-13 23:35:21,0,26.0,35.7,0
2026-02-13 23:35:21,0,25.9,25.0,0
2026-02-13 23:35:21,0,23.4,33.3,0
2026-02-13 23:35:21,0,24.6,37.0,0
2026-02-13 23:35:21,0,24.1,0.0,0
2026-02-13 23:35:21,0,32.2,0.0,0
2026-02-13 23:35:21,0,27.4,0.0,0
2026-02-13 23:35:21,0,20.5,0.0,0
2026-02-13 23:35:21,0,21.4,0.0,0
2026-02-13 23:35:22,0,30.3,0.0,0
2026-02-13 23:35:22,0,30.8,0.0,0
2026-02-13 23:35:22,0,23.1,0.0,0
2026-02-13 23:35:22,0,31.5,0.0,0
2026-02-13 23:35:22,0,24.0,0.0,0
2026-02-13 23:35:22,0,22.9,0.0,0
2026-02-13 23:35:22,0,26.2,0.0,0
2026-02-13 23:35:22,0,32.0,0.0,0
2026-02-13 23:35:22,0,24.7,0.0,0
2026-02-13 23:35:22,0,20.5,0.0,0
2026-02-13 23:35:22,0,22.6,0.0,0
2026-02-13 23:35:22,0,24.8,0.0,0
2026-02-13 23:35:22,0,31.6,0.0,0
2026-02-13 23:35:22,0,28.2,0.0,0
2026-02-13 23:35:22,0,29.4,32.1,0
2026-02-13 23:35:22,0,28.6,42.5,0
2026-02-13 23:35:22,0,24.1,48.1,0
2026-02-13 23:35:22,0,21.6,40.0,0
2026-02-13 23:35:22,0,24.8,43.2,0
2026-02-13 23:35:22,0,32.2,57.1,0
2026-02-13 23:35:22,0,31.5,52.6,0
2026-02-13 23:35:22,0,20.0,46.7,0
2026-02-13 23:35:22,0,24.2,51.5,0
2026-02-13 23:35:22,0,28.8,0.0,0
2026-02-13 23:35:23,0,31.5,0.0,0
2026-02-13 23:35:23,0,24.6,0.0,0
2026-02-13 23:35:23,0,34.9,0.0,0
2026-02-13 23:35:23,0,26.6,0.0,0
2026-02-13 23:35:23,0,33.2,0.0,0
2026-02-13 23:35:23,0,33.5,0.0,0
2026-02-13 23:35:23,0,49.1,0.0,0
2026-02-13 23:35:23,0,45.2,0.0,0
2026-02-13 23:35:23,0,41.9,0.0,0
2026-02-13 23:35:23,0,26.1,0.0,0
2026-02-13 23:35:23,0,29.1,0.0,0
2026-02-13 23:35:23,0,28.4,0.0,0
2026-02-13 23:35:23,0,24.2,0.0,0
2026-02-13 23:35:23,0,29.0,0.0,0
2026-02-13 23:35:23,0,24.0,0.0,0
2026-02-13 23:35:23,0,26.6,47.7,0
2026-02-13 23:35:23,0,34.1,33.3,0
2026-02-13 23:35:23,0,28.5,0.0,0
2026-02-13 23:35:23,0,24.3,0.0,0
2026-02-13 23:35:23,0,25.4,0.0,0
2026-02-13 23:35:23,0,25.5,0.0,0
2026-02-13 23:35:23,0,27.6,0.0,0
2026-02-13 23:35:23,0,25.1,0.0,0
2026-02-13 23:35:23,0,30.6,0.0,0
2026-02-13 23:35:23,0,29.6,0.0,0
2026-02-13 23:35:24,0,24.9,0.0,0
2026-02-13 23:35:24,0,30.9,0.0,0
2026-02-13 23:35:24,0,53.1,0.0,0
2026-02-13 23:35:24,0,29.7,0.0,0
2026-02-13 23:35:24,0,28.1,0.0,0
2026-02-13 23:35:24,0,29.1,0.0,0
2026-02-13 23:35:24,0,44.4,0.0,0
2026-02-13 23:35:24,0,31.8,0.0,0
2026-02-13 23:35:24,0,35.0,0.0,0
2026-02-13 23:35:24,0,33.5,0.0,0
2026-02-13 23:35:24,0,27.5,0.0,0
2026-02-13 23:35:24,0,28.8,0.0,0
2026-02-13 23:35:24,0,33.4,0.0,0
2026-02-13 23:35:24,0,31.9,37.5,0
2026-02-13 23:35:24,0,27.5,57.1,0
2026-02-13 23:35:24,0,32.2,47.5,0
2026-02-13 23:35:24,0,30.2,42.9,0
2026-02-13 23:35:24,0,30.4,0.0,0
2026-02-13 23:35:24,0,44.2,0.0,0
2026-02-13 23:35:24,0,31.0,0.0,0
2026-02-13 23:35:24,0,36.1,0.0,0
2026-02-13 23:35:24,0,56.1,0.0,0
2026-02-13 23:35:25,0,66.5,0.0,0
2026-02-13 23:35:25,0,81.8,0.0,0
2026-02-13 23:35:25,0,65.8,0.0,0
2026-02-13 23:35:25,0,67.0,0.0,0
2026-02-13 23:35:25,0,61.5,0.0,0
2026-02-13 23:35:25,0,51.6,0.0,0
2026-02-13 23:35:25,0,40.5,0.0,0
2026-02-13 23:35:25,0,26.6,0.0,0
2026-02-13 23:35:25,0,31.4,0.0,0
2026-02-13 23:35:25,0,31.3,0.0,0
2026-02-13 23:35:25,0,30.7,0.0,0
2026-02-13 23:35:25,0,26.2,0.0,0
2026-02-13 23:35:25,0,25.1,0.0,0
2026-02-13 23:35:25,0,23.6,0.0,0
2026-02-13 23:35:25,0,25.3,0.0,0
2026-02-13 23:35:25,0,29.9,39.1,0
2026-02-13 23:35:25,0,43.6,35.3,0
2026-02-13 23:35:25,0,41.5,50.0,0
2026-02-13 23:35:25,0,30.0,42.9,0
2026-02-13 23:35:25,0,24.3,36.7,0
2026-02-13 23:35:25,0,24.2,40.0,0
2026-02-13 23:35:25,0,31.5,28.3,0
2026-02-13 23:35:25,0,23.3,0.0,0
2026-02-13 23:35:25,0,24.5,0.0,0
2026-02-13 23:35:26,0,23.0,0.0,0
2026-02-13 23:35:26,0,25.2,0.0,0
2026-02-13 23:35:26,0,24.3,0.0,0
2026-02-13 23:35:26,0,21.0,0.0,0
2026-02-13 23:35:26,0,20.4,0.0,0
2026-02-13 23:35:26,0,21.6,0.0,0
2026-02-13 23:35:26,0,28.2,0.0,0
2026-02-13 23:35:26,0,23.1,0.0,0
2026-02-13 23:35:26,0,56.6,0.0,0
2026-02-13 23:35:26,0,47.5,0.0,0
2026-02-13 23:35:26,0,36.2,0.0,0
2026-02-13 23:35:26,0,27.2,0.0,0
2026-02-13 23:35:26,0,23.6,0.0,0
2026-02-13 23:35:26,0,20.7,0.0,0
2026-02-13 23:35:26,0,24.1,0.0,0
2026-02-13 23:35:26,0,22.2,0.0,0
2026-02-13 23:35:26,0,24.6,0.0,0
2026-02-13 23:35:26,0,29.7,32.1,0
2026-02-13 23:35:26,0,26.1,32.4,0
2026-02-13 23:35:26,0,19.7,33.3,0
2026-02-13 23:35:26,0,20.1,29.1,0
2026-02-13 23:35:26,0,28.6,18.7,0
2026-02-13 23:35:26,0,28.1,39.4,0
2026-02-13 23:35:26,0,28.1,35.5,0
2026-02-13 23:35:26,0,25.0,0.0,0
2026-02-13 23:35:27,0,25.1,0.0,0
2026-02-13 23:35:27,0,29.0,0.0,0
2026-02-13 23:35:27,0,23.4,0.0,0
2026-02-13 23:35:27,0,19.9,0.0,0
2026-02-13 23:35:27,0,33.5,0.0,0
2026-02-13 23:35:27,0,27.4,0.0,0
2026-02-13 23:35:27,0,22.0,0.0,0
2026-02-13 23:35:27,0,22.6,0.0,0
2026-02-13 23:35:27,0,24.7,0.0,0
2026-02-13 23:35:27,0,28.9,0.0,0
2026-02-13 23:35:27,0,27.7,0.0,0
2026-02-13 23:35:27,0,31.0,0.0,0
2026-02-13 23:35:27,0,21.2,0.0,0
2026-02-13 23:35:27,0,30.5,0.0,0
2026-02-13 23:35:27,0,23.7,0.0,0
2026-02-13 23:35:27,0,19.9,0.0,0
2026-02-13 23:35:27,0,23.4,32.2,0
2026-02-13 23:35:27,0,23.3,27.0,0
2026-02-13 23:35:27,0,25.3,38.2,0
2026-02-13 23:35:27,0,23.4,32.1,0
2026-02-13 23:35:27,0,29.2,29.7,0
2026-02-13 23:35:27,0,24.8,0.0,0
2026-02-13 23:35:27,0,28.8,0.0,0
2026-02-13 23:35:28,0,27.5,0.0,0
2026-02-13 23:35:28,0,32.7,0.0,0
2026-02-13 23:35:28,0,38.4,0.0,0
2026-02-13 23:35:28,0,26.3,0.0,0
2026-02-13 23:35:28,0,30.5,0.0,0
2026-02-13 23:35:28,0,31.1,0.0,0
2026-02-13 23:35:28,0,24.1,0.0,0
2026-02-13 23:35:28,0,31.0,0.0,0
2026-02-13 23:35:28,0,30.5,0.0,0
2026-02-13 23:35:28,0,40.6,0.0,0
2026-02-13 23:35:28,0,27.3,0.0,0
2026-02-13 23:35:28,0,25.4,0.0,0
2026-02-13 23:35:28,0,31.0,0.0,0
2026-02-13 23:35:28,0,22.2,0.0,0
2026-02-13 23:35:28,0,27.9,0.0,0
2026-02-13 23:35:28,0,23.5,0.0,0
2026-02-13 23:35:28,1,105.1,0.0,1
2026-02-13 23:35:28,1,110.2,34.1,1
2026-02-13 23:35:28,0,33.8,48.0,0
2026-02-13 23:35:28,0,22.2,0.0,0
2026-02-13 23:35:28,0,20.3,0.0,0
2026-02-13 23:35:28,0,20.0,0.0,0
2026-02-13 23:35:28,0,25.7,0.0,0
2026-02-13 23:35:29,0,31.4,0.0,0
2026-02-13 23:35:29,1,94.9,0.0,1
2026-02-13 23:35:29,1,107.5,0.0,1
2026-02-13 23:35:29,0,44.5,0.0,0
2026-02-13 23:35:29,0,23.1,0.0,0
2026-02-13 23:35:29,0,22.7,0.0,0
2026-02-13 23:35:29,0,25.1,0.0,0
2026-02-13 23:35:29,0,38.6,0.0,0
2026-02-13 23:35:29,0,19.7,0.0,0
2026-02-13 23:35:29,0,18.3,0.0,0
2026-02-13 23:35:29,0,23.8,0.0,0
2026-02-13 23:35:29,0,36.6,0.0,0
2026-02-13 23:35:29,0,28.5,0.0,0
2026-02-13 23:35:29,0,27.6,0.0,0
2026-02-13 23:35:29,0,22.4,0.0,0
2026-02-13 23:35:29,0,21.4,0.0,0
2026-02-13 23:35:29,0,23.0,0.0,0
2026-02-13 23:35:29,0,20.9,0.0,0
2026-02-13 23:35:29,0,26.1,0.0,0
2026-02-13 23:35:29,0,31.0,32.1,0
2026-02-13 23:35:29,0,22.8,35.0,0
2026-02-13 23:35:29,0,31.0,26.1,0
2026-02-13 23:35:29,0,27.0,34.8,0
2026-02-13 23:35:29,0,25.6,35.7,0
2026-02-13 23:35:29,0,22.0,35.3,0
2026-02-13 23:35:30,0,29.7,25.0,0
2026-02-13 23:35:30,0,24.1,40.7,0
2026-02-13 23:35:30,0,36.6,37.5,0
2026-02-13 23:35:30,0,20.9,0.0,0
2026-02-13 23:35:30,0,22.1,0.0,0
2026-02-13 23:35:30,0,22.0,0.0,0
2026-02-13 23:35:30,0,24.3,0.0,0
2026-02-13 23:35:30,0,27.6,0.0,0
2026-02-13 23:35:30,0,21.0,0.0,0
2026-02-13 23:35:30,0,22.2,0.0,0
2026-02-13 23:35:30,0,23.1,0.0,0
2026-02-13 23:35:30,0,24.2,0.0,0
2026-02-13 23:35:30,0,22.0,0.0,0
2026-02-13 23:35:30,0,23.4,0.0,0
2026-02-13 23:35:30,0,29.6,0.0,0
2026-02-13 23:35:30,0,24.8,0.0,0
2026-02-13 23:35:30,0,21.5,0.0,0
2026-02-13 23:35:30,0,22.4,0.0,0
2026-02-13 23:35:30,0,23.8,0.0,0
2026-02-13 23:35:30,0,31.4,34.5,0
2026-02-13 23:35:30,0,23.6,38.1,0
2026-02-13 23:35:30,0,22.8,34.5,0
2026-02-13 23:35:30,0,19.2,27.3,0
2026-02-13 23:35:30,0,21.9,34.2,0
2026-02-13 23:35:30,0,26.3,23.5,0
2026-02-13 23:35:31,0,23.8,34.5,0
2026-02-13 23:35:31,0,28.0,26.3,0
2026-02-13 23:35:31,0,41.8,33.3,0
2026-02-13 23:35:31,0,65.4,23.8,0
2026-02-13 23:35:31,0,34.4,0.0,0
2026-02-13 23:35:31,0,56.9,0.0,0
2026-02-13 23:35:31,0,22.7,0.0,0
2026-02-13 23:35:31,0,45.5,0.0,0
2026-02-13 23:35:31,0,34.3,0.0,0
2026-02-13 23:35:31,0,58.3,27.7,0
2026-02-13 23:35:31,0,23.4,50.0,0
2026-02-13 23:35:31,0,22.0,38.9,0
2026-02-13 23:35:31,0,34.6,33.3,0
2026-02-13 23:35:32,0,32.0,23.6,0
2026-02-13 23:35:32,0,31.5,28.4,0
2026-02-13 23:35:32,0,36.1,27.8,0
2026-02-13 23:35:32,0,31.8,30.2,0
2026-02-13 23:35:32,0,41.1,47.8,0
2026-02-13 23:35:32,0,36.9,35.0,0
2026-02-13 23:35:32,0,31.3,0.0,0
2026-02-13 23:35:32,0,55.7,0.0,0
2026-02-13 23:35:32,0,30.3,0.0,0
2026-02-13 23:35:32,0,36.9,0.0,0
2026-02-13 23:35:32,0,50.3,31.3,0
2026-02-13 23:35:32,0,31.3,37.0,0
2026-02-13 23:35:32,0,30.1,45.0,0
2026-02-13 23:35:32,0,43.7,37.5,0
2026-02-13 23:35:33,0,31.2,0.0,0
2026-02-13 23:35:33,1,119.3,0.0,1
2026-02-13 23:35:33,0,34.4,0.0,0
2026-02-13 23:35:33,0,45.6,0.0,0
2026-02-13 23:35:33,0,36.2,0.0,0
2026-02-13 23:35:33,0,47.7,0.0,0
2026-02-13 23:35:33,1,114.5,0.0,1
2026-02-13 23:35:33,0,80.7,0.0,0
2026-02-13 23:35:33,1,109.1,0.0,1
2026-02-13 23:35:33,1,122.9,32.0,1
2026-02-13 23:35:33,1,97.6,37.5,1
2026-02-13 23:35:34,1,118.9,46.7,1
2026-02-13 23:35:34,1,101.1,0.0,1
2026-02-13 23:35:34,1,110.3,0.0,1
2026-02-13 23:35:34,1,96.8,0.0,1
2026-02-13 23:35:34,1,114.5,0.0,1
2026-02-13 23:35:34,1,84.8,0.0,1
2026-02-13 23:35:34,1,85.1,0.0,1
2026-02-13 23:35:34,1,87.2,0.0,1
2026-02-13 23:35:34,1,88.0,0.0,1
2026-02-13 23:35:34,1,84.3,0.0,1
2026-02-13 23:35:34,1,91.2,0.0,1
2026-02-13 23:35:34,1,86.4,0.0,1
2026-02-13 23:35:34,1,87.7,0.0,1
2026-02-13 23:35:34,1,101.2,0.0,1
2026-02-13 23:35:34,1,90.8,0.0,1
2026-02-13 23:35:34,1,89.8,0.0,1
2026-02-13 23:35:34,1,88.2,30.9,1
2026-02-13 23:35:34,1,89.7,26.8,1
2026-02-13 23:35:34,1,83.3,40.9,1
2026-02-13 23:35:35,1,85.1,27.6,1
2026-02-13 23:35:35,1,93.7,39.0,1
2026-02-13 23:35:35,1,90.2,40.0,1
2026-02-13 23:35:35,1,89.0,35.5,1
2026-02-13 23:35:35,1,84.7,30.0,1
2026-02-13 23:35:35,1,86.8,0.0,1
2026-02-13 23:35:35,1,85.0,0.0,1
2026-02-13 23:35:35,1,93.1,0.0,1
2026-02-13 23:35:35,1,90.8,0.0,1
2026-02-13 23:35:35,1,85.5,0.0,1
2026-02-13 23:35:35,1,91.2,0.0,1
2026-02-13 23:35:35,1,89.2,0.0,1
2026-02-13 23:35:35,1,89.4,0.0,1
2026-02-13 23:35:35,1,89.0,0.0,1
2026-02-13 23:35:35,1,93.4,0.0,1
2026-02-13 23:35:35,1,89.4,0.0,1
2026-02-13 23:35:35,1,91.7,0.0,1
2026-02-13 23:35:35,1,99.7,0.0,1
2026-02-13 23:35:35,1,94.9,0.0,1
2026-02-13 23:35:35,1,89.9,0.0,1
2026-02-13 23:35:35,1,97.9,0.0,1
2026-02-13 23:35:35,1,87.8,0.0,1
2026-02-13 23:35:35,1,94.5,30.3,1
2026-02-13 23:35:35,1,90.3,35.5,1
2026-02-13 23:35:35,1,87.0,32.1,1
2026-02-13 23:35:36,1,90.7,28.9,1
2026-02-13 23:35:36,1,89.0,34.5,1
2026-02-13 23:35:36,0,22.9,0.0,0
2026-02-13 23:35:36,0,28.8,0.0,0
2026-02-13 23:35:36,0,26.2,0.0,0
2026-02-13 23:35:36,0,19.9,0.0,0
2026-02-13 23:35:36,1,87.1,0.0,1
2026-02-13 23:35:36,1,82.6,0.0,1
2026-02-13 23:35:36,1,111.3,0.0,1
2026-02-13 23:35:36,1,111.1,0.0,1
2026-02-13 23:35:36,1,92.0,0.0,1
2026-02-13 23:35:36,1,102.0,0.0,1
2026-02-13 23:35:36,0,25.7,0.0,0
2026-02-13 23:35:36,0,27.6,0.0,0
2026-02-13 23:35:36,1,86.8,0.0,1
2026-02-13 23:35:36,1,93.0,0.0,1
2026-02-13 23:35:36,1,94.4,0.0,1
2026-02-13 23:35:36,1,93.6,0.0,1
2026-02-13 23:35:36,1,85.1,0.0,1
2026-02-13 23:35:36,1,88.9,0.0,1
2026-02-13 23:35:36,1,87.6,0.0,1
2026-02-13 23:35:36,1,88.9,0.0,1
2026-02-13 23:35:36,1,95.8,32.3,1
2026-02-13 23:35:36,0,29.7,32.0,0
2026-02-13 23:35:37,0,53.3,36.5,0
2026-02-13 23:35:37,0,40.6,25.8,0
2026-02-13 23:35:37,1,87.1,36.0,1
2026-02-13 23:35:37,0,27.5,38.5,0
2026-02-13 23:35:37,1,88.7,37.0,1
2026-02-13 23:35:37,1,117.7,0.0,1
2026-02-13 23:35:37,1,106.4,0.0,1
2026-02-13 23:35:37,1,99.0,0.0,1
2026-02-13 23:35:37,1,87.3,0.0,1
2026-02-13 23:35:37,1,89.7,0.0,1
2026-02-13 23:35:37,1,93.7,0.0,1
2026-02-13 23:35:37,1,89.4,0.0,1
2026-02-13 23:35:37,1,90.3,0.0,1
2026-02-13 23:35:37,1,85.8,0.0,1
2026-02-13 23:35:37,0,30.9,0.0,0
2026-02-13 23:35:37,0,33.7,0.0,0
2026-02-13 23:35:37,0,27.3,0.0,0
2026-02-13 23:35:37,0,26.9,0.0,0
2026-02-13 23:35:37,0,24.5,0.0,0
2026-02-13 23:35:37,0,24.0,0.0,0
2026-02-13 23:35:37,0,25.8,0.0,0
2026-02-13 23:35:37,0,25.8,0.0,0
2026-02-13 23:35:37,0,19.8,0.0,0
2026-02-13 23:35:37,0,22.8,0.0,0
2026-02-13 23:35:37,1,92.0,30.5,1
2026-02-13 23:35:38,1,92.2,35.3,1
2026-02-13 23:35:38,1,91.3,30.8,1
2026-02-13 23:35:38,1,90.5,33.3,1
2026-02-13 23:35:38,1,91.5,29.0,1
2026-02-13 23:35:38,1,92.5,28.6,1
2026-02-13 23:35:38,1,91.0,0.0,1
2026-02-13 23:35:38,1,90.6,0.0,1
2026-02-13 23:35:38,1,93.3,0.0,1
2026-02-13 23:35:38,1,91.5,0.0,1
2026-02-13 23:35:38,1,90.9,0.0,1
2026-02-13 23:35:38,1,89.2,0.0,1
2026-02-13 23:35:38,1,88.2,0.0,1
2026-02-13 23:35:38,1,30.8,0.0,0
2026-02-13 23:35:38,0,30.6,0.0,0
2026-02-13 23:35:38,1,35.9,0.0,0
2026-02-13 23:35:38,1,24.8,0.0,0
2026-02-13 23:35:38,1,24.9,0.0,0
2026-02-13 23:35:38,0,21.1,0.0,0
2026-02-13 23:35:38,0,19.0,0.0,0
2026-02-13 23:35:38,0,19.4,0.0,0
2026-02-13 23:35:38,0,24.8,0.0,0
2026-02-13 23:35:38,0,22.7,0.0,0
2026-02-13 23:35:38,0,21.2,0.0,0
2026-02-13 23:35:38,0,28.2,32.7,0
2026-02-13 23:35:39,0,21.4,33.3,0
2026-02-13 23:35:39,0,33.3,21.6,0
2026-02-13 23:35:39,0,32.3,40.0,0
2026-02-13 23:35:39,1,48.5,0.0,0
2026-02-13 23:35:39,0,41.8,0.0,0
2026-02-13 23:35:39,1,23.9,0.0,0
2026-02-13 23:35:39,1,29.2,0.0,0
2026-02-13 23:35:39,0,28.8,0.0,0
2026-02-13 23:35:39,0,22.9,0.0,0
2026-02-13 23:35:39,1,25.0,0.0,0
2026-02-13 23:35:39,1,30.0,0.0,0
2026-02-13 23:35:39,1,32.9,0.0,0
2026-02-13 23:35:39,1,30.5,0.0,0
2026-02-13 23:35:39,0,24.6,0.0,0
2026-02-13 23:35:39,0,22.2,0.0,0
2026-02-13 23:35:39,0,22.9,0.0,0
2026-02-13 23:35:39,0,20.2,0.0,0
2026-02-13 23:35:39,0,19.6,0.0,0
2026-02-13 23:35:39,0,27.2,0.0,0
2026-02-13 23:35:40,1,26.0,32.1,0
2026-02-13 23:35:40,1,23.5,32.0,0
2026-02-13 23:35:40,0,20.3,28.1,0
2026-02-13 23:35:40,0,25.6,30.6,0
2026-02-13 23:35:40,0,22.5,24.1,0
2026-02-13 23:35:40,1,27.3,31.0,0
2026-02-13 23:35:40,0,28.7,40.6,0
2026-02-13 23:35:40,0,21.7,29.2,0
2026-02-13 23:35:40,0,22.1,34.4,0
2026-02-13 23:35:40,0,19.6,0.0,0
2026-02-13 23:35:40,0,20.8,0.0,0
2026-02-13 23:35:40,0,25.6,0.0,0
2026-02-13 23:35:40,0,21.4,0.0,0
2026-02-13 23:35:40,0,20.5,0.0,0
2026-02-13 23:35:40,0,27.7,0.0,0
2026-02-13 23:35:40,0,47.7,0.0,0
2026-02-13 23:35:40,0,29.8,0.0,0
2026-02-13 23:35:40,0,22.4,0.0,0
2026-02-13 23:35:40,0,20.5,0.0,0
2026-02-13 23:35:40,0,24.8,0.0,0
2026-02-13 23:35:40,0,21.5,0.0,0
2026-02-13 23:35:40,0,23.7,0.0,0
2026-02-13 23:35:40,1,24.8,0.0,0
2026-02-13 23:35:40,1,24.8,0.0,0
2026-02-13 23:35:40,0,21.0,0.0,0
2026-02-13 23:35:41,0,22.3,29.2,0
2026-02-13 23:35:41,1,24.5,41.9,0
2026-02-13 23:35:41,1,24.1,0.0,0
2026-02-13 23:35:41,1,28.6,0.0,0
2026-02-13 23:35:41,0,23.8,0.0,0
2026-02-13 23:35:41,0,20.4,0.0,0
2026-02-13 23:35:41,0,20.9,0.0,0
2026-02-13 23:35:41,0,22.2,0.0,0
2026-02-13 23:35:41,0,20.5,0.0,0
2026-02-13 23:35:41,0,21.7,0.0,0
2026-02-13 23:35:41,1,23.7,0.0,0
2026-02-13 23:35:41,0,23.2,0.0,0
2026-02-13 23:35:41,0,27.0,0.0,0
2026-02-13 23:35:41,1,29.2,0.0,0
2026-02-13 23:35:41,1,46.9,0.0,0
2026-02-13 23:35:41,0,31.8,0.0,0
2026-02-13 23:35:41,1,33.6,0.0,0
2026-02-13 23:35:41,0,25.2,0.0,0
2026-02-13 23:35:41,0,21.5,0.0,0
2026-02-13 23:35:41,0,26.6,0.0,0
2026-02-13 23:35:41,1,26.8,0.0,0
2026-02-13 23:35:41,1,24.8,0.0,0
2026-02-13 23:35:41,1,24.5,0.0,0
2026-02-13 23:35:41,1,28.4,0.0,0
2026-02-13 23:35:41,0,26.1,0.0,0
2026-02-13 23:35:42,1,25.9,30.1,0
2026-02-13 23:35:42,0,18.6,33.3,0
2026-02-13 23:35:42,0,17.5,27.3,0
2026-02-13 23:35:42,0,24.1,28.6,0
2026-02-13 23:35:42,0,30.4,0.0,0
2026-02-13 23:35:42,0,23.0,0.0,0
2026-02-13 23:35:42,1,24.8,0.0,0
2026-02-13 23:35:42,0,24.6,0.0,0
2026-02-13 23:35:42,0,27.5,0.0,0
2026-02-13 23:35:42,0,22.2,0.0,0
2026-02-13 23:35:42,0,21.9,0.0,0
2026-02-13 23:35:42,0,19.4,0.0,0
2026-02-13 23:35:42,0,19.1,0.0,0
2026-02-13 23:35:42,0,31.6,0.0,0
2026-02-13 23:35:42,0,25.4,0.0,0
2026-02-13 23:35:42,0,22.2,0.0,0
2026-02-13 23:35:42,0,21.4,0.0,0
2026-02-13 23:35:42,0,22.8,0.0,0
2026-02-13 23:35:42,0,22.5,0.0,0
2026-02-13 23:35:42,0,19.7,0.0,0
2026-02-13 23:35:42,1,84.1,0.0,1
2026-02-13 23:35:42,1,87.5,0.0,1
2026-02-13 23:35:42,1,96.8,0.0,1
2026-02-13 23:35:42,1,86.0,0.0,1
2026-02-13 23:35:43,1,87.2,0.0,1
2026-02-13 23:35:43,1,88.6,30.2,1
2026-02-13 23:35:43,1,89.8,27.6,1
2026-02-13 23:35:43,1,87.4,32.4,1
2026-02-13 23:35:43,1,86.6,0.0,1
2026-02-13 23:35:43,1,89.9,0.0,1
2026-02-13 23:35:43,1,89.4,0.0,1
2026-02-13 23:35:43,1,86.8,0.0,1
2026-02-13 23:35:43,1,88.1,0.0,1
2026-02-13 23:35:43,1,88.4,0.0,1
2026-02-13 23:35:43,1,85.9,0.0,1
2026-02-13 23:35:43,1,87.5,0.0,1
2026-02-13 23:35:43,1,87.5,0.0,1
2026-02-13 23:35:43,1,87.8,0.0,1
2026-02-13 23:35:43,1,87.9,0.0,1
2026-02-13 23:35:43,1,88.4,0.0,1
2026-02-13 23:35:43,1,86.8,0.0,1
2026-02-13 23:35:43,1,85.9,0.0,1
2026-02-13 23:35:43,1,85.8,0.0,1
2026-02-13 23:35:43,1,85.7,0.0,1
2026-02-13 23:35:43,1,91.1,0.0,1
2026-02-13 23:35:43,1,94.6,0.0,1
2026-02-13 23:35:43,1,104.5,0.0,1
2026-02-13 23:35:43,1,91.7,0.0,1
2026-02-13 23:35:44,1,114.6,0.0,1
2026-02-13 23:35:44,1,93.0,33.2,1
2026-02-13 23:35:44,1,116.8,35.0,1
2026-02-13 23:35:44,1,89.4,52.9,1
2026-02-13 23:35:44,1,113.7,50.0,1
2026-02-13 23:35:44,1,96.9,28.8,1
2026-02-13 23:35:44,1,111.9,30.8,1
2026-02-13 23:35:44,1,88.7,28.6,1
2026-02-13 23:35:44,1,119.4,0.0,1
2026-02-13 23:35:44,1,110.1,0.0,1
2026-02-13 23:35:44,1,107.1,0.0,1
2026-02-13 23:35:44,1,95.4,0.0,1
2026-02-13 23:35:44,1,87.0,0.0,1
2026-02-13 23:35:44,1,111.9,0.0,1
2026-02-13 23:35:44,0,44.2,0.0,0
2026-02-13 23:35:44,0,25.3,0.0,0
2026-02-13 23:35:44,1,90.6,0.0,1
2026-02-13 23:35:44,1,117.7,0.0,1
2026-02-13 23:35:44,1,111.2,0.0,1
2026-02-13 23:35:44,1,112.4,0.0,1
2026-02-13 23:35:44,1,106.9,0.0,1
2026-02-13 23:35:44,1,83.9,0.0,1
2026-02-13 23:35:44,1,84.9,0.0,1
2026-02-13 23:35:44,1,84.2,0.0,1
2026-02-13 23:35:45,1,83.9,0.0,1
2026-02-13 23:35:45,0,28.7,0.0,0
2026-02-13 23:35:45,0,27.0,36.2,0
2026-02-13 23:35:45,0,23.2,42.9,0
2026-02-13 23:35:45,1,85.5,41.4,1
2026-02-13 23:35:45,1,87.1,42.5,1
2026-02-13 23:35:45,1,85.7,45.8,1
2026-02-13 23:35:45,1,91.8,32.4,1
2026-02-13 23:35:45,1,91.5,51.2,1
2026-02-13 23:35:45,1,89.9,70.8,1
2026-02-13 23:35:45,1,90.4,0.0,1
2026-02-13 23:35:45,1,94.1,0.0,1
2026-02-13 23:35:45,1,87.5,0.0,1
2026-02-13 23:35:45,1,84.9,0.0,1
2026-02-13 23:35:45,1,92.2,0.0,1
2026-02-13 23:35:45,1,95.3,0.0,1
2026-02-13 23:35:45,1,88.4,0.0,1
2026-02-13 23:35:45,1,87.6,0.0,1
2026-02-13 23:35:45,1,91.1,0.0,1
2026-02-13 23:35:45,1,87.8,0.0,1
2026-02-13 23:35:45,1,88.1,0.0,1
2026-02-13 23:35:45,1,90.3,0.0,1
2026-02-13 23:35:45,1,91.8,0.0,1
2026-02-13 23:35:45,1,87.1,0.0,1
2026-02-13 23:35:46,1,85.7,0.0,1
2026-02-13 23:35:46,1,91.5,0.0,1
2026-02-13 23:35:46,1,85.5,31.0,1
2026-02-13 23:35:46,1,92.7,33.3,1
2026-02-13 23:35:46,1,87.5,0.0,1
2026-02-13 23:35:46,1,92.0,0.0,1
2026-02-13 23:35:46,1,84.5,0.0,1
2026-02-13 23:35:46,1,89.3,0.0,1
2026-02-13 23:35:46,1,87.9,0.0,1
2026-02-13 23:35:46,1,84.2,0.0,1
2026-02-13 23:35:46,1,89.6,0.0,1
2026-02-13 23:35:46,1,96.4,0.0,1
2026-02-13 23:35:46,1,93.9,0.0,1
2026-02-13 23:35:46,0,24.1,0.0,0
2026-02-13 23:35:46,0,25.6,0.0,0
2026-02-13 23:35:46,1,86.0,0.0,1
2026-02-13 23:35:46,1,86.5,0.0,1
2026-02-13 23:35:46,1,84.0,0.0,1
2026-02-13 23:35:46,1,87.2,0.0,1
2026-02-13 23:35:46,1,85.1,0.0,1
2026-02-13 23:35:46,1,90.5,0.0,1
2026-02-13 23:35:46,0,25.4,0.0,0
2026-02-13 23:35:46,1,85.3,0.0,1
2026-02-13 23:35:46,0,29.9,0.0,0
2026-02-13 23:35:47,1,91.9,0.0,1
2026-02-13 23:35:47,0,26.7,0.0,0
2026-02-13 23:35:47,0,25.4,0.0,0
2026-02-13 23:35:47,1,90.6,30.7,1
2026-02-13 23:35:47,0,27.3,40.0,0
2026-02-13 23:35:47,0,26.1,30.3,0
2026-02-13 23:35:47,0,25.3,26.3,0
2026-02-13 23:35:47,0,26.6,46.2,0
2026-02-13 23:35:47,0,25.2,26.3,0
2026-02-13 23:35:47,1,89.4,36.7,1
2026-02-13 23:35:47,1,87.6,32.4,1
2026-02-13 23:35:47,1,95.2,31.4,1
2026-02-13 23:35:47,1,93.1,31.0,1
2026-02-13 23:35:47,0,29.7,0.0,0
2026-02-13 23:35:47,0,24.4,0.0,0
2026-02-13 23:35:47,0,29.9,0.0,0
2026-02-13 23:35:47,1,84.6,0.0,1
2026-02-13 23:35:47,0,24.1,0.0,0
2026-02-13 23:35:47,0,22.4,0.0,0
2026-02-13 23:35:47,1,91.7,0.0,1
2026-02-13 23:35:47,1,95.3,0.0,1
2026-02-13 23:35:47,0,28.3,0.0,0
2026-02-13 23:35:47,0,26.4,0.0,0
2026-02-13 23:35:47,0,35.3,0.0,0
2026-02-13 23:35:47,0,27.2,0.0,0
2026-02-13 23:35:48,0,20.4,0.0,0
2026-02-13 23:35:48,0,19.6,0.0,0
2026-02-13 23:35:48,0,21.6,0.0,0
2026-02-13 23:35:48,0,24.0,31.3,0
2026-02-13 23:35:48,1,94.2,32.5,1
2026-02-13 23:35:48,1,86.0,33.3,1
2026-02-13 23:35:48,1,89.2,30.8,1
2026-02-13 23:35:48,0,28.8,28.6,0
2026-02-13 23:35:48,0,24.6,0.0,0
2026-02-13 23:35:48,0,21.9,0.0,0
2026-02-13 23:35:48,0,27.3,0.0,0
2026-02-13 23:35:48,0,21.6,0.0,0
2026-02-13 23:35:48,0,23.7,0.0,0
2026-02-13 23:35:48,0,21.4,0.0,0
2026-02-13 23:35:48,0,24.4,0.0,0
2026-02-13 23:35:48,0,32.6,0.0,0
2026-02-13 23:35:48,0,23.3,0.0,0
2026-02-13 23:35:48,0,25.0,0.0,0
2026-02-13 23:35:48,0,28.3,0.0,0
2026-02-13 23:35:48,0,22.5,0.0,0
2026-02-13 23:35:48,0,27.2,0.0,0
2026-02-13 23:35:48,0,29.9,0.0,0
2026-02-13 23:35:48,0,25.1,0.0,0
2026-02-13 23:35:49,1,31.4,0.0,0
2026-02-13 23:35:49,1,56.9,0.0,0
2026-02-13 23:35:49,2,40.1,31.3,0
2026-02-13 23:35:49,1,40.5,28.6,0
2026-02-13 23:35:49,2,28.9,37.5,0
2026-02-13 23:35:49,2,36.3,27.0,0
2026-02-13 23:35:49,2,47.3,0.0,0
2026-02-13 23:35:49,2,38.1,0.0,0
2026-02-13 23:35:49,2,39.6,0.0,0
2026-02-13 23:35:49,2,26.2,0.0,0
2026-02-13 23:35:49,2,25.0,0.0,0
2026-02-13 23:35:49,2,28.3,0.0,0
2026-02-13 23:35:49,2,27.4,0.0,0
2026-02-13 23:35:49,1,34.8,0.0,0
2026-02-13 23:35:49,0,37.2,0.0,0
2026-02-13 23:35:49,0,21.0,0.0,0
2026-02-13 23:35:49,2,32.5,0.0,0
2026-02-13 23:35:49,1,28.9,0.0,0
2026-02-13 23:35:49,2,30.0,0.0,0
2026-02-13 23:35:49,2,30.3,0.0,0
2026-02-13 23:35:49,2,30.7,0.0,0
2026-02-13 23:35:49,2,27.6,0.0,0
2026-02-13 23:35:49,2,28.4,0.0,0
2026-02-13 23:35:49,1,26.3,0.0,0
2026-02-13 23:35:50,2,31.9,0.0,0
2026-02-13 23:35:50,1,28.1,0.0,0
2026-02-13 23:35:50,1,28.0,0.0,0
2026-02-13 23:35:50,1,27.8,0.0,0
2026-02-13 23:35:50,1,30.9,38.8,0
2026-02-13 23:35:50,2,31.2,48.1,0
2026-02-13 23:35:50,2,31.2,42.4,0
2026-02-13 23:35:50,2,24.7,22.2,0
2026-02-13 23:35:50,2,27.9,44.1,0
2026-02-13 23:35:50,2,27.3,32.4,0
2026-02-13 23:35:50,2,25.9,40.0,0
2026-02-13 23:35:50,2,26.0,32.3,0
2026-02-13 23:35:50,1,27.6,32.3,0
2026-02-13 23:35:50,2,27.1,0.0,0
2026-02-13 23:35:50,0,20.9,0.0,0
2026-02-13 23:35:50,1,31.2,0.0,0
2026-02-13 23:35:50,2,28.0,0.0,0
2026-02-13 23:35:50,2,57.5,0.0,0
2026-02-13 23:35:50,2,52.3,0.0,0
2026-02-13 23:35:50,2,40.0,0.0,0
2026-02-13 23:35:50,2,25.4,0.0,0
2026-02-13 23:35:50,2,31.2,0.0,0
2026-02-13 23:35:50,2,29.9,0.0,0
2026-02-13 23:35:50,1,23.1,0.0,0
2026-02-13 23:35:50,2,26.4,0.0,0
2026-02-13 23:35:51,2,22.8,0.0,0
2026-02-13 23:35:51,2,26.3,0.0,0
2026-02-13 23:35:51,2,26.7,0.0,0
2026-02-13 23:35:51,1,31.1,0.0,0
2026-02-13 23:35:51,1,35.5,31.4,0
2026-02-13 23:35:51,1,30.0,29.6,0
2026-02-13 23:35:51,1,28.6,31.3,0
2026-02-13 23:35:51,2,27.7,32.1,0
2026-02-13 23:35:51,2,29.2,28.6,0
2026-02-13 23:35:51,1,26.3,31.3,0
2026-02-13 23:35:51,2,29.7,0.0,0
2026-02-13 23:35:51,1,25.7,0.0,0
2026-02-13 23:35:51,2,24.9,0.0,0
2026-02-13 23:35:51,2,29.0,0.0,0
2026-02-13 23:35:51,1,31.4,0.0,0
2026-02-13 23:35:51,0,26.6,0.0,0
2026-02-13 23:35:51,2,28.5,0.0,0
2026-02-13 23:35:51,0,26.2,0.0,0
2026-02-13 23:35:51,1,29.4,0.0,0
2026-02-13 23:35:51,1,26.7,0.0,0
2026-02-13 23:35:51,2,29.6,0.0,0
2026-02-13 23:35:51,2,30.2,0.0,0
2026-02-13 23:35:51,2,28.5,0.0,0
2026-02-13 23:35:51,1,35.1,0.0,0
2026-02-13 23:35:52,2,27.1,0.0,0
2026-02-13 23:35:52,2,25.7,0.0,0
2026-02-13 23:35:52,1,32.9,0.0,0
2026-02-13 23:35:52,2,26.1,0.0,0
2026-02-13 23:35:52,2,26.8,0.0,0
2026-02-13 23:35:52,2,28.1,30.5,0
2026-02-13 23:35:52,1,27.5,30.0,0
2026-02-13 23:35:52,2,25.5,33.3,0
2026-02-13 23:35:52,2,27.9,29.4,0
2026-02-13 23:35:52,2,33.3,26.5,0
2026-02-13 23:35:52,2,24.9,0.0,0
2026-02-13 23:35:52,1,22.8,0.0,0
2026-02-13 23:35:52,2,22.6,0.0,0
2026-02-13 23:35:52,2,27.7,0.0,0
2026-02-13 23:35:52,2,31.2,0.0,0
2026-02-13 23:35:52,0,25.3,0.0,0
2026-02-13 23:35:52,0,27.6,0.0,0
2026-02-13 23:35:52,2,28.4,0.0,0
2026-02-13 23:35:52,2,27.7,0.0,0
2026-02-13 23:35:52,2,26.3,0.0,0
2026-02-13 23:35:52,1,24.7,0.0,0
2026-02-13 23:35:52,1,26.0,0.0,0
2026-02-13 23:35:52,1,25.2,0.0,0
2026-02-13 23:35:52,1,31.4,0.0,0
2026-02-13 23:35:52,2,29.9,0.0,0
2026-02-13 23:35:53,2,26.8,0.0,0
2026-02-13 23:35:53,2,24.8,0.0,0
2026-02-13 23:35:53,2,23.6,0.0,0
2026-02-13 23:35:53,2,24.2,0.0,0
2026-02-13 23:35:53,2,23.7,0.0,0
2026-02-13 23:35:53,2,30.9,30.3,0
2026-02-13 23:35:53,2,42.0,26.9,0
2026-02-13 23:35:53,2,25.8,31.8,0
2026-02-13 23:35:53,2,26.1,31.0,0
2026-02-13 23:35:53,1,25.9,31.0,0
2026-02-13 23:35:53,2,27.1,28.6,0
2026-02-13 23:35:53,2,33.0,27.3,0
2026-02-13 23:35:53,2,27.0,35.5,0
2026-02-13 23:35:53,0,21.0,32.0,0
2026-02-13 23:35:53,1,23.9,0.0,0
2026-02-13 23:35:53,1,25.4,0.0,0
2026-02-13 23:35:53,2,29.8,0.0,0
2026-02-13 23:35:53,0,29.5,0.0,0
2026-02-13 23:35:53,2,34.1,0.0,0
2026-02-13 23:35:53,2,25.0,0.0,0
2026-02-13 23:35:53,2,22.0,0.0,0
2026-02-13 23:35:53,1,24.4,0.0,0
2026-02-13 23:35:53,1,26.6,0.0,0
2026-02-13 23:35:53,2,24.8,0.0,0
2026-02-13 23:35:54,2,26.3,0.0,0
2026-02-13 23:35:54,1,28.1,0.0,0
2026-02-13 23:35:54,1,32.1,0.0,0
2026-02-13 23:35:54,1,32.3,0.0,0
2026-02-13 23:35:54,2,51.6,0.0,0
2026-02-13 23:35:54,1,48.2,0.0,0
2026-02-13 23:35:54,0,30.8,30.6,0
2026-02-13 23:35:54,2,23.3,46.2,0
2026-02-13 23:35:54,2,24.1,0.0,0
2026-02-13 23:35:54,1,29.3,0.0,0
2026-02-13 23:35:54,1,30.3,0.0,0
2026-02-13 23:35:54,1,32.0,0.0,0
2026-02-13 23:35:54,1,26.3,0.0,0
2026-02-13 23:35:54,1,22.4,0.0,0
2026-02-13 23:35:54,1,26.7,0.0,0
2026-02-13 23:35:54,2,28.6,0.0,0
2026-02-13 23:35:54,0,22.9,0.0,0
2026-02-13 23:35:54,2,24.4,0.0,0
2026-02-13 23:35:54,2,23.8,0.0,0
2026-02-13 23:35:54,1,26.7,0.0,0
2026-02-13 23:35:54,1,25.4,0.0,0
2026-02-13 23:35:54,1,30.5,0.0,0
2026-02-13 23:35:54,1,24.7,0.0,0
2026-02-13 23:35:54,1,26.5,0.0,0
2026-02-13 23:35:54,1,24.9,0.0,0
2026-02-13 23:35:55,2,27.9,0.0,0
2026-02-13 23:35:55,2,30.6,0.0,0
2026-02-13 23:35:55,2,26.3,0.0,0
2026-02-13 23:35:55,2,27.5,0.0,0
2026-02-13 23:35:55,2,25.9,0.0,0
2026-02-13 23:35:55,1,31.8,0.0,0
2026-02-13 23:35:55,0,22.2,30.0,0
2026-02-13 23:35:55,2,25.7,30.3,0
2026-02-13 23:35:55,2,29.8,0.0,0
2026-02-13 23:35:55,1,26.3,0.0,0
2026-02-13 23:35:55,0,18.1,0.0,0
2026-02-13 23:35:55,1,25.4,0.0,0
2026-02-13 23:35:55,2,32.8,0.0,0
2026-02-13 23:35:55,1,27.2,0.0,0
2026-02-13 23:35:55,1,25.9,0.0,0
2026-02-13 23:35:55,2,34.5,0.0,0
2026-02-13 23:35:55,2,57.2,0.0,0
2026-02-13 23:35:55,2,42.1,0.0,0
2026-02-13 23:35:55,2,25.6,0.0,0
2026-02-13 23:35:55,1,27.7,0.0,0
2026-02-13 23:35:55,1,23.5,0.0,0
2026-02-13 23:35:55,0,23.2,0.0,0
2026-02-13 23:35:55,0,26.3,0.0,0
2026-02-13 23:35:55,2,24.2,0.0,0
2026-02-13 23:35:55,2,25.7,0.0,0
2026-02-13 23:35:56,1,29.3,0.0,0
2026-02-13 23:35:56,1,28.0,0.0,0
2026-02-13 23:35:56,1,25.7,0.0,0
2026-02-13 23:35:56,1,28.1,0.0,0
2026-02-13 23:35:56,2,28.0,0.0,0
2026-02-13 23:35:56,0,19.0,0.0,0
2026-02-13 23:35:56,0,25.2,31.8,0
2026-02-13 23:35:56,1,27.7,33.3,0
2026-02-13 23:35:56,1,26.2,41.2,0
2026-02-13 23:35:56,1,24.6,25.0,0
2026-02-13 23:35:56,1,31.7,25.6,0
2026-02-13 23:35:56,1,26.3,42.9,0
2026-02-13 23:35:56,1,23.3,0.0,0
2026-02-13 23:35:56,1,25.4,0.0,0
2026-02-13 23:35:56,1,31.6,0.0,0
2026-02-13 23:35:56,1,27.6,0.0,0
2026-02-13 23:35:56,1,27.6,0.0,0
2026-02-13 23:35:56,0,29.8,0.0,0
2026-02-13 23:35:56,0,27.2,0.0,0
2026-02-13 23:35:56,0,23.7,0.0,0
2026-02-13 23:35:56,0,24.3,0.0,0
2026-02-13 23:35:56,0,25.7,0.0,0
2026-02-13 23:35:56,0,23.5,0.0,0
2026-02-13 23:35:56,0,20.4,0.0,0
2026-02-13 23:35:57,1,83.4,0.0,1
2026-02-13 23:35:57,1,84.8,0.0,1
2026-02-13 23:35:57,1,85.9,0.0,1
2026-02-13 23:35:57,1,93.5,0.0,1
2026-02-13 23:35:57,1,85.9,0.0,1
2026-02-13 23:35:57,1,94.1,0.0,1
2026-02-13 23:35:57,2,147.7,0.0,1
2026-02-13 23:35:57,1,86.9,33.8,1
2026-02-13 23:35:57,1,86.0,48.1,1
2026-02-13 23:35:57,1,92.2,40.0,1
2026-02-13 23:35:57,1,88.1,29.4,1
2026-02-13 23:35:57,1,93.1,29.4,1
2026-02-13 23:35:57,0,19.5,31.6,0
2026-02-13 23:35:57,0,23.2,40.0,0
2026-02-13 23:35:57,0,26.9,0.0,0
2026-02-13 23:35:57,0,23.9,0.0,0
2026-02-13 23:35:57,0,30.0,0.0,0
2026-02-13 23:35:57,0,24.5,0.0,0
2026-02-13 23:35:57,1,29.0,0.0,0
2026-02-13 23:35:57,0,21.7,0.0,0
2026-02-13 23:35:57,1,26.8,0.0,0
2026-02-13 23:35:57,0,29.1,0.0,0
2026-02-13 23:35:57,0,24.8,0.0,0
2026-02-13 23:35:57,0,22.4,0.0,0
2026-02-13 23:35:57,1,26.6,0.0,0
2026-02-13 23:35:58,0,26.2,0.0,0
2026-02-13 23:35:58,0,20.8,0.0,0
2026-02-13 23:35:58,0,21.3,0.0,0
2026-02-13 23:35:58,0,26.1,0.0,0
2026-02-13 23:35:58,1,25.8,0.0,0
2026-02-13 23:35:58,0,22.4,0.0,0
2026-02-13 23:35:58,0,22.9,0.0,0
2026-02-13 23:35:58,0,29.4,32.0,0
2026-02-13 23:35:58,0,22.6,36.4,0
2026-02-13 23:35:58,0,21.4,26.7,0
2026-02-13 23:35:58,0,25.4,0.0,0
2026-02-13 23:35:58,0,22.0,0.0,0
2026-02-13 23:35:58,0,28.5,0.0,0
2026-02-13 23:35:58,0,22.6,0.0,0
2026-02-13 23:35:58,0,23.1,0.0,0
2026-02-13 23:35:58,0,21.5,0.0,0
2026-02-13 23:35:58,0,23.6,0.0,0
2026-02-13 23:35:58,0,22.4,0.0,0
2026-02-13 23:35:58,0,23.5,0.0,0
2026-02-13 23:35:58,0,21.0,0.0,0
2026-02-13 23:35:58,0,27.6,0.0,0
2026-02-13 23:35:58,0,24.0,0.0,0
2026-02-13 23:35:58,0,21.9,0.0,0
2026-02-13 23:35:58,0,23.4,0.0,0
2026-02-13 23:35:59,0,23.2,0.0,0
2026-02-13 23:35:59,0,28.2,0.0,0
2026-02-13 23:35:59,0,29.3,0.0,0
2026-02-13 23:35:59,0,26.6,0.0,0
2026-02-13 23:35:59,0,30.4,0.0,0
2026-02-13 23:35:59,1,113.2,0.0,1
2026-02-13 23:35:59,1,93.4,34.6,1
2026-02-13 23:35:59,1,97.1,40.9,1
2026-02-13 23:35:59,1,89.1,22.2,1
2026-02-13 23:35:59,1,88.1,40.0,1
2026-02-13 23:35:59,1,92.2,34.2,1
2026-02-13 23:35:59,1,89.3,27.0,1
2026-02-13 23:35:59,1,96.2,50.0,1
2026-02-13 23:35:59,1,87.6,0.0,1
2026-02-13 23:35:59,0,23.3,0.0,0
2026-02-13 23:35:59,0,27.9,0.0,0
2026-02-13 23:35:59,0,22.8,0.0,0
2026-02-13 23:35:59,0,25.6,0.0,0
2026-02-13 23:35:59,0,42.5,0.0,0
2026-02-13 23:35:59,0,35.6,0.0,0
2026-02-13 23:35:59,0,26.8,0.0,0
2026-02-13 23:35:59,0,23.1,0.0,0
2026-02-13 23:35:59,0,28.7,0.0,0
2026-02-13 23:35:59,0,22.8,0.0,0
2026-02-13 23:36:00,0,20.9,0.0,0
2026-02-13 23:36:00,1,88.1,0.0,1
2026-02-13 23:36:00,1,90.2,0.0,1
2026-02-13 23:36:00,1,96.6,0.0,1
2026-02-13 23:36:00,2,167.2,0.0,1
2026-02-13 23:36:00,1,94.4,0.0,1
2026-02-13 23:36:00,2,145.8,0.0,1
2026-02-13 23:36:00,2,148.5,0.0,1
2026-02-13 23:36:00,1,84.8,33.7,1
2026-02-13 23:36:00,1,86.0,31.4,1
2026-02-13 23:36:00,0,19.5,36.7,0
2026-02-13 23:36:00,0,22.3,29.3,0
2026-02-13 23:36:00,0,27.7,35.5,0
2026-02-13 23:36:00,0,23.5,0.0,0
2026-02-13 23:36:00,0,21.1,0.0,0
2026-02-13 23:36:00,0,23.8,0.0,0
2026-02-13 23:36:00,0,22.0,0.0,0
2026-02-13 23:36:00,0,24.5,0.0,0
2026-02-13 23:36:00,0,26.5,0.0,0
2026-02-13 23:36:00,0,22.5,0.0,0
2026-02-13 23:36:00,0,21.7,0.0,0
2026-02-13 23:36:00,0,24.3,0.0,0
2026-02-13 23:36:00,1,92.2,0.0,1
2026-02-13 23:36:00,2,147.2,0.0,1
2026-02-13 23:36:01,1,102.3,0.0,1
2026-02-13 23:36:01,2,156.9,0.0,1
2026-02-13 23:36:01,2,146.1,0.0,1
2026-02-13 23:36:01,2,144.1,0.0,1
2026-02-13 23:36:01,2,157.9,0.0,1
2026-02-13 23:36:01,2,154.5,0.0,1
2026-02-13 23:36:01,1,86.8,0.0,1
2026-02-13 23:36:01,1,90.3,0.0,1
2026-02-13 23:36:01,0,26.3,39.6,0
2026-02-13 23:36:01,0,25.8,43.1,0
2026-02-13 23:36:01,0,28.4,40.9,0
2026-02-13 23:36:01,0,23.8,48.1,0
2026-02-13 23:36:01,0,24.6,34.5,0
2026-02-13 23:36:01,0,25.6,52.9,0
2026-02-13 23:36:01,1,26.8,0.0,0
2026-02-13 23:36:01,1,25.7,0.0,0
2026-02-13 23:36:01,1,31.5,0.0,0
2026-02-13 23:36:01,1,32.4,0.0,0
2026-02-13 23:36:01,1,29.7,0.0,0
2026-02-13 23:36:01,1,25.0,0.0,0
2026-02-13 23:36:01,1,29.1,0.0,0
2026-02-13 23:36:01,1,38.4,0.0,0
2026-02-13 23:36:01,1,38.9,0.0,0
2026-02-13 23:36:01,1,26.3,0.0,0
2026-02-13 23:36:02,0,23.5,0.0,0
2026-02-13 23:36:02,0,25.8,0.0,0
2026-02-13 23:36:02,0,30.6,0.0,0
2026-02-13 23:36:02,0,21.5,0.0,0
2026-02-13 23:36:02,0,22.1,0.0,0
2026-02-13 23:36:02,0,29.4,0.0,0
2026-02-13 23:36:02,0,24.5,0.0,0
2026-02-13 23:36:02,0,21.2,0.0,0
2026-02-13 23:36:02,0,27.7,0.0,0
2026-02-13 23:36:02,0,22.6,44.7,0
2026-02-13 23:36:02,0,23.8,43.8,0
2026-02-13 23:36:02,0,20.7,46.2,0
2026-02-13 23:36:02,0,21.3,50.0,0
2026-02-13 23:36:02,0,24.4,41.5,0
2026-02-13 23:36:02,0,24.1,44.8,0
2026-02-13 23:36:02,0,23.6,43.8,0
2026-02-13 23:36:02,0,21.5,32.5,0
2026-02-13 23:36:02,0,25.4,33.3,0
2026-02-13 23:36:02,0,23.8,0.0,0
2026-02-13 23:36:02,0,28.0,0.0,0
2026-02-13 23:36:02,0,24.5,0.0,0
2026-02-13 23:36:02,0,19.9,0.0,0
2026-02-13 23:36:02,0,19.3,0.0,0
2026-02-13 23:36:02,0,21.4,0.0,0
2026-02-13 23:36:03,0,31.9,0.0,0
2026-02-13 23:36:03,0,23.5,0.0,0
2026-02-13 23:36:03,0,31.3,0.0,0
2026-02-13 23:36:03,0,32.9,0.0,0
2026-02-13 23:36:03,0,20.7,0.0,0
2026-02-13 23:36:03,0,25.1,0.0,0
2026-02-13 23:36:03,0,26.4,0.0,0
2026-02-13 23:36:03,0,21.4,0.0,0
2026-02-13 23:36:03,0,23.1,0.0,0
2026-02-13 23:36:03,0,23.8,0.0,0
2026-02-13 23:36:03,1,24.5,35.7,0
2026-02-13 23:36:03,1,25.5,28.1,0
2026-02-13 23:36:03,1,28.9,31.3,0
2026-02-13 23:36:03,1,25.1,38.7,0
2026-02-13 23:36:03,0,24.9,36.1,0
2026-02-13 23:36:03,1,32.3,33.3,0
2026-02-13 23:36:03,1,37.4,0.0,0
2026-02-13 23:36:03,1,27.8,0.0,0
2026-02-13 23:36:03,1,24.4,0.0,0
2026-02-13 23:36:04,1,495.2,0.0,0
2026-02-13 23:36:04,0,29.9,0.0,0
2026-02-13 23:36:04,1,42.1,0.0,0
2026-02-13 23:36:04,1,38.3,0.0,0
2026-02-13 23:36:04,1,26.2,38.8,0
2026-02-13 23:36:04,1,27.8,35.7,0
2026-02-13 23:36:04,0,29.5,39.1,0
2026-02-13 23:36:04,1,32.6,34.2,0
2026-02-13 23:36:04,1,26.6,41.7,0
2026-02-13 23:36:04,0,28.5,40.4,0
2026-02-13 23:36:04,1,27.0,48.1,0
2026-02-13 23:36:04,0,22.0,59.1,0
2026-02-13 23:36:04,0,21.9,0.0,0
2026-02-13 23:36:04,0,29.5,0.0,0
2026-02-13 23:36:04,2,38.5,0.0,0
2026-02-13 23:36:04,0,65.9,0.0,0
2026-02-13 23:36:04,0,60.9,0.0,0
2026-02-13 23:36:04,0,48.5,0.0,0
2026-02-13 23:36:04,0,34.5,0.0,0
2026-02-13 23:36:05,0,27.5,0.0,0
2026-02-13 23:36:05,1,31.2,0.0,0
2026-02-13 23:36:05,1,28.2,0.0,0
2026-02-13 23:36:05,1,33.9,0.0,0
2026-02-13 23:36:05,0,26.2,0.0,0
2026-02-13 23:36:05,1,31.9,0.0,0
2026-02-13 23:36:05,1,29.2,0.0,0
2026-02-13 23:36:05,1,28.2,0.0,0
2026-02-13 23:36:05,1,27.6,0.0,0
2026-02-13 23:36:05,0,22.6,0.0,0
2026-02-13 23:36:05,1,23.8,54.3,0
2026-02-13 23:36:05,2,28.7,36.1,0
2026-02-13 23:36:05,0,29.1,31.4,0
2026-02-13 23:36:05,0,20.3,31.8,0
2026-02-13 23:36:05,1,23.2,28.6,0
2026-02-13 23:36:05,1,24.0,36.4,0
2026-02-13 23:36:05,0,21.0,26.2,0
2026-02-13 23:36:05,1,28.0,41.4,0
2026-02-13 23:36:05,1,33.3,0.0,0
2026-02-13 23:36:05,1,32.3,0.0,0
2026-02-13 23:36:05,1,30.0,0.0,0
2026-02-13 23:36:05,1,30.2,0.0,0
2026-02-13 23:36:05,1,23.6,0.0,0
2026-02-13 23:36:05,2,28.3,0.0,0
2026-02-13 23:36:06,0,27.0,0.0,0
2026-02-13 23:36:06,0,26.1,0.0,0
2026-02-13 23:36:06,0,20.4,0.0,0
2026-02-13 23:36:06,1,29.9,0.0,0
2026-02-13 23:36:06,1,30.2,0.0,0
2026-02-13 23:36:06,1,27.9,0.0,0
2026-02-13 23:36:06,1,24.1,0.0,0
2026-02-13 23:36:06,1,31.0,0.0,0
2026-02-13 23:36:06,0,21.4,0.0,0
2026-02-13 23:36:06,0,29.5,0.0,0
2026-02-13 23:36:06,0,21.5,0.0,0
2026-02-13 23:36:06,0,22.7,34.1,0
2026-02-13 23:36:06,1,26.6,31.2,0
2026-02-13 23:36:06,1,25.3,37.5,0
2026-02-13 23:36:06,1,25.9,31.4,0
2026-02-13 23:36:06,1,35.4,27.9,0
2026-02-13 23:36:06,1,28.0,36.4,0
2026-02-13 23:36:06,1,29.4,32.4,0
2026-02-13 23:36:06,1,29.3,26.7,0
2026-02-13 23:36:06,1,33.3,33.3,0
2026-02-13 23:36:06,0,21.1,0.0,0
2026-02-13 23:36:06,0,20.9,0.0,0
2026-02-13 23:36:06,1,24.9,0.0,0
2026-02-13 23:36:06,1,27.6,0.0,0
2026-02-13 23:36:06,1,34.5,0.0,0
2026-02-13 23:36:07,1,28.4,0.0,0
2026-02-13 23:36:07,1,27.6,0.0,0
2026-02-13 23:36:07,0,24.9,0.0,0
2026-02-13 23:36:07,1,31.0,0.0,0
2026-02-13 23:36:07,1,27.0,0.0,0
2026-02-13 23:36:07,0,24.5,0.0,0
2026-02-13 23:36:07,0,21.3,0.0,0
2026-02-13 23:36:07,0,25.5,0.0,0
2026-02-13 23:36:07,0,20.1,0.0,0
2026-02-13 23:36:07,0,19.9,0.0,0
2026-02-13 23:36:07,2,25.1,0.0,0
2026-02-13 23:36:07,2,26.9,31.9,0
2026-02-13 23:36:07,0,28.2,38.9,0
2026-02-13 23:36:07,0,20.3,26.1,0
2026-02-13 23:36:07,1,32.5,28.6,0
2026-02-13 23:36:07,0,22.9,25.0,0
2026-02-13 23:36:07,0,22.9,30.0,0
2026-02-13 23:36:07,0,19.7,0.0,0
2026-02-13 23:36:07,0,24.3,0.0,0
2026-02-13 23:36:07,0,27.5,0.0,0
2026-02-13 23:36:07,1,26.9,0.0,0
2026-02-13 23:36:07,0,23.4,0.0,0
2026-02-13 23:36:07,1,34.6,0.0,0
2026-02-13 23:36:07,1,28.0,0.0,0
2026-02-13 23:36:07,0,21.8,0.0,0
2026-02-13 23:36:08,0,22.7,0.0,0
2026-02-13 23:36:08,1,24.3,0.0,0
2026-02-13 23:36:08,0,24.6,0.0,0
2026-02-13 23:36:08,1,28.6,0.0,0
2026-02-13 23:36:08,1,29.1,0.0,0
2026-02-13 23:36:08,1,35.9,0.0,0
2026-02-13 23:36:08,1,30.0,0.0,0
2026-02-13 23:36:08,1,31.8,0.0,0
2026-02-13 23:36:08,0,27.8,0.0,0
2026-02-13 23:36:08,1,30.2,0.0,0
2026-02-13 23:36:08,0,25.8,0.0,0
2026-02-13 23:36:08,0,20.0,37.7,0
2026-02-13 23:36:08,1,28.7,39.5,0
2026-02-13 23:36:08,1,29.9,28.9,0
2026-02-13 23:36:08,0,24.3,42.1,0
2026-02-13 23:36:08,1,23.2,40.6,0
2026-02-13 23:36:08,1,25.1,32.1,0
2026-02-13 23:36:08,1,28.4,0.0,0
2026-02-13 23:36:08,1,30.5,0.0,0
2026-02-13 23:36:08,1,25.8,0.0,0
2026-02-13 23:36:08,1,26.8,0.0,0
2026-02-13 23:36:08,0,31.3,0.0,0
2026-02-13 23:36:08,0,22.6,0.0,0
2026-02-13 23:36:08,0,19.9,0.0,0
2026-02-13 23:36:09,0,41.4,0.0,0
2026-02-13 23:36:09,1,49.5,0.0,0
2026-02-13 23:36:09,1,64.4,0.0,0
2026-02-13 23:36:09,1,57.1,0.0,0
2026-02-13 23:36:09,0,54.9,0.0,0
2026-02-13 23:36:09,1,50.1,0.0,0
2026-02-13 23:36:09,1,62.4,0.0,0
2026-02-13 23:36:09,1,57.4,38.9,0
2026-02-13 23:36:09,0,56.9,54.2,0
2026-02-13 23:36:09,1,65.1,60.5,0
2026-02-13 23:36:09,1,68.6,52.6,0
2026-02-13 23:36:09,1,70.1,48.4,0
2026-02-13 23:36:09,1,66.3,54.8,0
2026-02-13 23:36:09,0,56.2,45.0,0
2026-02-13 23:36:09,1,42.3,48.6,0
2026-02-13 23:36:09,1,37.7,0.0,0
2026-02-13 23:36:09,1,38.7,0.0,0
2026-02-13 23:36:09,1,30.5,0.0,0
2026-02-13 23:36:09,1,28.9,0.0,0
2026-02-13 23:36:09,1,27.9,0.0,0
2026-02-13 23:36:09,0,24.0,0.0,0
2026-02-13 23:36:10,0,23.7,0.0,0
2026-02-13 23:36:10,0,25.5,0.0,0
2026-02-13 23:36:10,0,22.0,0.0,0
2026-02-13 23:36:10,0,25.8,0.0,0
2026-02-13 23:36:10,0,23.4,0.0,0
2026-02-13 23:36:10,0,27.2,0.0,0
2026-02-13 23:36:10,1,25.6,0.0,0
2026-02-13 23:36:10,0,27.9,0.0,0
2026-02-13 23:36:10,0,22.5,0.0,0
2026-02-13 23:36:10,0,23.9,0.0,0
2026-02-13 23:36:10,0,23.9,0.0,0
2026-02-13 23:36:10,0,24.4,0.0,0
2026-02-13 23:36:10,0,26.9,34.7,0
2026-02-13 23:36:10,0,26.8,39.4,0
2026-02-13 23:36:10,0,19.3,26.1,0
2026-02-13 23:36:10,2,149.0,35.9,1
2026-02-13 23:36:10,2,158.9,42.2,1
2026-02-13 23:36:10,2,150.0,25.0,1
2026-02-13 23:36:10,2,151.5,42.5,1
2026-02-13 23:36:10,3,219.5,0.0,1
2026-02-13 23:36:10,2,157.6,0.0,1
2026-02-13 23:36:10,2,145.4,0.0,1
2026-02-13 23:36:10,2,148.4,0.0,1
2026-02-13 23:36:10,1,92.4,0.0,1
2026-02-13 23:36:11,2,154.6,0.0,1
2026-02-13 23:36:11,2,152.1,0.0,1
2026-02-13 23:36:11,1,90.3,0.0,1
2026-02-13 23:36:11,1,87.8,0.0,1
2026-02-13 23:36:11,0,29.1,0.0,0
2026-02-13 23:36:11,0,23.0,0.0,0
2026-02-13 23:36:11,0,22.8,0.0,0
2026-02-13 23:36:11,0,26.7,0.0,0
2026-02-13 23:36:11,0,25.1,0.0,0
2026-02-13 23:36:11,0,97.8,0.0,0
2026-02-13 23:36:11,0,27.6,0.0,0
2026-02-13 23:36:11,0,49.3,37.8,0
2026-02-13 23:36:11,0,42.0,31.3,0
2026-02-13 23:36:11,0,19.2,33.3,0
2026-02-13 23:36:11,0,25.7,32.5,0
2026-02-13 23:36:11,1,88.9,28.8,1
2026-02-13 23:36:11,0,40.0,31.8,0
2026-02-13 23:36:11,1,84.0,47.4,1
2026-02-13 23:36:11,1,86.8,0.0,1
2026-02-13 23:36:11,0,22.1,0.0,0
2026-02-13 23:36:11,0,25.3,0.0,0
2026-02-13 23:36:11,0,20.7,0.0,0
2026-02-13 23:36:11,1,90.8,0.0,1
2026-02-13 23:36:11,0,24.8,0.0,0
2026-02-13 23:36:12,1,87.8,0.0,1
2026-02-13 23:36:12,0,33.5,0.0,0
2026-02-13 23:36:12,0,27.4,0.0,0
2026-02-13 23:36:12,0,22.9,0.0,0
2026-02-13 23:36:12,0,20.8,0.0,0
2026-02-13 23:36:12,0,31.1,0.0,0
2026-02-13 23:36:12,0,24.7,0.0,0
2026-02-13 23:36:12,0,27.8,0.0,0
2026-02-13 23:36:12,0,19.9,0.0,0
2026-02-13 23:36:12,0,20.8,0.0,0
2026-02-13 23:36:12,0,22.3,0.0,0
2026-02-13 23:36:12,0,25.2,0.0,0
2026-02-13 23:36:12,2,153.3,34.9,1
2026-02-13 23:36:12,2,148.5,39.1,1
2026-02-13 23:36:12,2,231.7,35.9,1
2026-02-13 23:36:12,2,155.2,0.0,1
2026-02-13 23:36:12,2,179.7,0.0,1
2026-02-13 23:36:12,2,166.5,0.0,1
2026-02-13 23:36:12,1,93.8,0.0,1
2026-02-13 23:36:12,0,27.2,0.0,0
2026-02-13 23:36:12,0,22.5,0.0,0
2026-02-13 23:36:12,0,26.6,0.0,0
2026-02-13 23:36:12,0,20.8,0.0,0
2026-02-13 23:36:13,0,27.7,0.0,0
2026-02-13 23:36:13,0,25.2,0.0,0
2026-02-13 23:36:13,0,19.8,0.0,0
2026-02-13 23:36:13,0,26.1,0.0,0
2026-02-13 23:36:13,0,24.9,0.0,0
2026-02-13 23:36:13,0,20.2,0.0,0
2026-02-13 23:36:13,0,26.0,0.0,0
2026-02-13 23:36:13,0,22.1,0.0,0
2026-02-13 23:36:13,0,19.8,0.0,0
2026-02-13 23:36:13,0,22.6,0.0,0
2026-02-13 23:36:13,0,20.1,0.0,0
2026-02-13 23:36:13,0,28.9,0.0,0
2026-02-13 23:36:13,0,20.5,0.0,0
2026-02-13 23:36:13,0,90.0,32.2,0
2026-02-13 23:36:13,0,32.1,40.4,0
2026-02-13 23:36:13,2,148.2,23.8,1
2026-02-13 23:36:13,2,147.3,32.4,1
2026-02-13 23:36:13,2,147.5,26.7,1
2026-02-13 23:36:13,2,146.3,31.3,1
2026-02-13 23:36:13,2,152.1,29.8,1
2026-02-13 23:36:13,2,153.3,25.0,1
2026-02-13 23:36:13,2,151.0,28.6,1
2026-02-13 23:36:14,2,153.2,28.7,1
2026-02-13 23:36:14,0,46.8,0.0,0
2026-02-13 23:36:14,0,31.0,0.0,0
2026-02-13 23:36:14,0,25.1,0.0,0
2026-02-13 23:36:14,0,26.2,0.0,0
2026-02-13 23:36:14,0,46.1,0.0,0
2026-02-13 23:36:14,0,28.7,0.0,0
2026-02-13 23:36:14,0,22.6,0.0,0
2026-02-13 23:36:14,0,30.1,0.0,0
2026-02-13 23:36:14,0,24.8,0.0,0
2026-02-13 23:36:14,0,23.7,0.0,0
2026-02-13 23:36:14,0,20.6,31.7,0
2026-02-13 23:36:14,0,39.3,33.3,0
2026-02-13 23:36:14,0,36.6,30.4,0
2026-02-13 23:36:14,0,23.0,28.6,0
2026-02-13 23:36:14,0,22.5,28.6,0
2026-02-13 23:36:14,0,30.0,27.0,0
2026-02-13 23:36:14,0,24.3,32.0,0
2026-02-13 23:36:14,2,147.1,27.1,1
2026-02-13 23:36:14,1,104.7,48.0,1
2026-02-13 23:36:14,2,155.5,0.0,1
2026-02-13 23:36:15,1,87.9,0.0,1
2026-02-13 23:36:15,2,150.6,0.0,1
2026-02-13 23:36:15,2,157.2,0.0,1
2026-02-13 23:36:15,2,149.9,0.0,1
2026-02-13 23:36:15,2,150.6,0.0,1
2026-02-13 23:36:15,2,150.1,0.0,1
2026-02-13 23:36:15,2,145.9,0.0,1
2026-02-13 23:36:15,2,146.5,0.0,1
2026-02-13 23:36:15,2,151.8,0.0,1
2026-02-13 23:36:15,1,94.6,0.0,1
2026-02-13 23:36:15,1,93.6,0.0,1
2026-02-13 23:36:15,1,84.3,0.0,1
2026-02-13 23:36:15,1,88.5,0.0,1
2026-02-13 23:36:15,1,85.4,0.0,1
2026-02-13 23:36:15,1,91.0,33.5,1
2026-02-13 23:36:15,1,88.9,30.8,1
2026-02-13 23:36:15,1,94.2,29.3,1
2026-02-13 23:36:15,1,87.4,33.3,1
2026-02-13 23:36:15,1,100.5,31.0,1
2026-02-13 23:36:15,1,164.8,0.0,1
2026-02-13 23:36:15,1,92.0,0.0,1
2026-02-13 23:36:16,1,119.0,0.0,1
2026-02-13 23:36:16,1,106.6,0.0,1
2026-02-13 23:36:16,1,95.9,0.0,1
2026-02-13 23:36:16,1,83.1,0.0,1
2026-02-13 23:36:16,1,89.8,0.0,1
2026-02-13 23:36:16,1,93.5,0.0,1
2026-02-13 23:36:16,1,90.4,0.0,1
2026-02-13 23:36:16,1,91.6,0.0,1
2026-02-13 23:36:16,0,24.0,0.0,0
2026-02-13 23:36:16,0,22.3,0.0,0
2026-02-13 23:36:16,0,20.3,0.0,0
2026-02-13 23:36:16,0,20.7,0.0,0
2026-02-13 23:36:16,0,24.5,0.0,0
2026-02-13 23:36:16,0,26.5,0.0,0
2026-02-13 23:36:16,0,25.3,0.0,0
2026-02-13 23:36:16,0,30.6,0.0,0
2026-02-13 23:36:16,0,27.5,32.7,0
2026-02-13 23:36:16,0,23.7,35.5,0
2026-02-13 23:36:16,0,19.0,29.6,0
2026-02-13 23:36:16,0,30.9,24.6,0
2026-02-13 23:36:16,0,38.6,27.8,0
2026-02-13 23:36:16,0,20.8,47.4,0
2026-02-13 23:36:16,0,27.9,31.0,0
2026-02-13 23:36:16,0,23.6,0.0,0
2026-02-13 23:36:16,0,17.5,0.0,0
2026-02-13 23:36:17,0,16.8,0.0,0
2026-02-13 23:36:17,0,19.6,0.0,0
2026-02-13 23:36:17,0,29.1,0.0,0
2026-02-13 23:36:17,0,23.4,0.0,0
2026-02-13 23:36:17,0,19.3,0.0,0
2026-02-13 23:36:17,0,22.7,0.0,0
2026-02-13 23:36:17,0,33.9,0.0,0
2026-02-13 23:36:17,0,22.2,0.0,0
2026-02-13 23:36:17,0,31.6,0.0,0
2026-02-13 23:36:17,0,20.4,0.0,0
2026-02-13 23:36:17,0,26.7,0.0,0
2026-02-13 23:36:17,0,22.7,0.0,0
2026-02-13 23:36:17,0,24.3,0.0,0
2026-02-13 23:36:17,0,18.2,0.0,0
2026-02-13 23:36:17,0,17.1,0.0,0
2026-02-13 23:36:17,0,17.5,0.0,0
2026-02-13 23:36:17,0,28.6,35.7,0
2026-02-13 23:36:17,0,28.1,31.0,0
2026-02-13 23:36:17,0,19.6,34.4,0
2026-02-13 23:36:17,0,20.9,32.1,0
2026-02-13 23:36:17,0,22.9,36.4,0
2026-02-13 23:36:17,0,24.8,0.0,0
2026-02-13 23:36:17,0,23.7,0.0,0
2026-02-13 23:36:17,0,27.2,0.0,0
2026-02-13 23:36:18,0,27.3,0.0,0
2026-02-13 23:36:18,0,30.3,0.0,0
2026-02-13 23:36:18,0,23.0,0.0,0
2026-02-13 23:36:18,0,19.6,0.0,0
2026-02-13 23:36:18,0,25.2,0.0,0
2026-02-13 23:36:18,0,19.4,0.0,0
2026-02-13 23:36:18,0,29.4,0.0,0
2026-02-13 23:36:18,0,34.4,0.0,0
2026-02-13 23:36:18,0,33.9,0.0,0
2026-02-13 23:36:18,0,26.5,0.0,0
2026-02-13 23:36:18,0,30.6,0.0,0
2026-02-13 23:36:18,0,27.9,0.0,0
2026-02-13 23:36:18,0,23.7,0.0,0
2026-02-13 23:36:18,0,28.0,0.0,0
2026-02-13 23:36:18,0,31.2,0.0,0
2026-02-13 23:36:18,0,25.6,0.0,0
2026-02-13 23:36:18,0,31.4,0.0,0
2026-02-13 23:36:18,0,28.4,45.1,0
2026-02-13 23:36:18,0,27.1,40.0,0
2026-02-13 23:36:18,0,22.5,53.3,0
2026-02-13 23:36:18,0,27.4,61.5,0
2026-02-13 23:36:18,0,26.4,53.8,0
2026-02-13 23:36:18,0,37.5,57.4,0
2026-02-13 23:36:18,0,37.5,48.0,0
2026-02-13 23:36:18,0,21.6,41.2,0
2026-02-13 23:36:19,0,22.5,65.7,0
2026-02-13 23:36:19,0,27.1,61.1,0
2026-02-13 23:36:19,0,27.0,0.0,0
2026-02-13 23:36:19,0,30.1,0.0,0
2026-02-13 23:36:19,0,25.4,0.0,0
2026-02-13 23:36:19,0,29.5,0.0,0
2026-02-13 23:36:19,0,20.0,0.0,0
2026-02-13 23:36:19,0,24.0,0.0,0
2026-02-13 23:36:19,0,33.0,0.0,0
2026-02-13 23:36:19,0,44.7,0.0,0
2026-02-13 23:36:19,0,71.0,0.0,0
2026-02-13 23:36:19,0,131.0,0.0,0
2026-02-13 23:36:19,0,45.5,0.0,0
2026-02-13 23:36:19,0,40.9,0.0,0
2026-02-13 23:36:19,0,57.5,71.7,0
2026-02-13 23:36:19,0,294.6,79.4,0
2026-02-13 23:36:20,0,59.5,93.0,0
2026-02-13 23:36:20,0,62.7,76.9,0
2026-02-13 23:36:20,0,83.5,89.1,0
2026-02-13 23:36:20,0,48.0,67.7,0
2026-02-13 23:36:20,0,47.1,76.5,0
2026-02-13 23:36:20,0,72.3,82.8,0
2026-02-13 23:36:20,0,49.5,77.8,0
2026-02-13 23:36:20,0,82.7,0.0,0
2026-02-13 23:36:20,0,102.9,0.0,0
2026-02-13 23:36:20,0,191.2,91.4,0
2026-02-13 23:36:20,0,93.2,87.7,0
2026-02-13 23:36:20,0,52.0,65.7,0
2026-02-13 23:36:20,0,80.4,0.0,0
2026-02-13 23:36:20,0,43.5,0.0,0
2026-02-13 23:36:21,0,46.9,0.0,0
2026-02-13 23:36:21,0,58.5,0.0,0
2026-02-13 23:36:21,0,192.8,0.0,0
2026-02-13 23:36:21,0,61.6,0.0,0
2026-02-13 23:36:21,0,51.9,0.0,0
2026-02-13 23:36:21,0,50.7,0.0,0
2026-02-13 23:36:21,0,40.8,0.0,0
2026-02-13 23:36:21,0,32.2,0.0,0
2026-02-13 23:36:21,0,28.4,0.0,0
2026-02-13 23:36:21,0,34.9,0.0,0
2026-02-13 23:36:21,0,40.3,0.0,0
2026-02-13 23:36:21,0,26.1,0.0,0
2026-02-13 23:36:21,0,28.9,0.0,0
2026-02-13 23:36:21,0,45.6,0.0,0
2026-02-13 23:36:21,0,51.8,0.0,0
2026-02-13 23:36:21,0,60.7,65.3,0
2026-02-13 23:36:21,0,70.8,62.2,0
2026-02-13 23:36:21,0,40.2,45.7,0
2026-02-13 23:36:21,1,125.8,51.8,1
2026-02-13 23:36:21,0,71.7,0.0,0
2026-02-13 23:36:22,0,45.1,0.0,0
2026-02-13 23:36:22,0,51.6,0.0,0
2026-02-13 23:36:22,0,62.4,0.0,0
2026-02-13 23:36:22,0,72.1,0.0,0
2026-02-13 23:36:22,0,66.0,0.0,0
2026-02-13 23:36:22,0,54.3,0.0,0
2026-02-13 23:36:22,0,49.3,0.0,0
2026-02-13 23:36:22,0,31.9,0.0,0
2026-02-13 23:36:22,0,48.7,0.0,0
2026-02-13 23:36:22,0,28.4,0.0,0
2026-02-13 23:36:22,0,46.4,0.0,0
2026-02-13 23:36:22,0,33.4,0.0,0
2026-02-13 23:36:22,0,31.9,0.0,0
2026-02-13 23:36:22,0,32.4,0.0,0
2026-02-13 23:36:22,0,49.3,0.0,0
2026-02-13 23:36:22,0,46.2,0.0,0
2026-02-13 23:36:22,0,22.4,0.0,0
2026-02-13 23:36:22,0,33.8,42.5,0
2026-02-13 23:36:22,0,42.9,40.0,0
2026-02-13 23:36:22,1,92.0,41.7,1
2026-02-13 23:36:22,0,32.3,38.2,0
2026-02-13 23:36:22,0,42.7,34.8,0
2026-02-13 23:36:22,0,30.5,36.8,0
2026-02-13 23:36:23,0,29.3,34.8,0
2026-02-13 23:36:23,0,30.4,40.0,0
2026-02-13 23:36:23,0,42.4,42.1,0
2026-02-13 23:36:23,0,26.7,37.5,0
2026-02-13 23:36:23,0,29.5,0.0,0
2026-02-13 23:36:23,0,48.5,0.0,0
2026-02-13 23:36:23,0,31.4,0.0,0
2026-02-13 23:36:23,0,36.5,0.0,0
2026-02-13 23:36:23,0,27.0,0.0,0
2026-02-13 23:36:23,0,32.3,0.0,0
2026-02-13 23:36:23,0,26.5,0.0,0
2026-02-13 23:36:23,0,24.1,0.0,0
2026-02-13 23:36:23,0,26.5,0.0,0
2026-02-13 23:36:23,0,31.3,0.0,0
2026-02-13 23:36:23,0,61.1,0.0,0
2026-02-13 23:36:23,0,24.9,0.0,0
2026-02-13 23:36:23,0,36.9,0.0,0
2026-02-13 23:36:23,0,33.8,38.9,0
2026-02-13 23:36:23,0,50.3,40.0,0
2026-02-13 23:36:23,0,30.4,50.0,0
2026-02-13 23:36:23,0,35.7,62.0,0
2026-02-13 23:36:24,0,49.3,0.0,0
2026-02-13 23:36:24,0,55.9,0.0,0
2026-02-13 23:36:24,0,98.5,0.0,0
2026-02-13 23:36:24,0,78.4,0.0,0
2026-02-13 23:36:24,0,94.3,0.0,0
2026-02-13 23:36:24,0,55.2,0.0,0
2026-02-13 23:36:24,0,54.7,0.0,0
2026-02-13 23:36:24,0,52.3,0.0,0
2026-02-13 23:36:24,0,31.8,0.0,0
2026-02-13 23:36:24,0,29.3,0.0,0
2026-02-13 23:36:24,0,33.5,0.0,0
2026-02-13 23:36:24,0,25.0,0.0,0
2026-02-13 23:36:24,0,37.7,0.0,0
2026-02-13 23:36:24,0,64.0,0.0,0
2026-02-13 23:36:24,0,33.8,0.0,0
2026-02-13 23:36:24,0,55.1,53.7,0
2026-02-13 23:36:24,0,44.1,30.0,0
2026-02-13 23:36:24,0,27.5,0.0,0
2026-02-13 23:36:24,0,25.6,0.0,0
2026-02-13 23:36:25,0,29.5,0.0,0
2026-02-13 23:36:25,0,30.5,0.0,0
2026-02-13 23:36:25,0,25.0,0.0,0
2026-02-13 23:36:25,0,49.8,0.0,0
2026-02-13 23:36:25,0,42.3,0.0,0
2026-02-13 23:36:25,0,26.8,0.0,0
2026-02-13 23:36:25,0,31.8,0.0,0
2026-02-13 23:36:25,0,34.6,0.0,0
2026-02-13 23:36:25,0,44.0,0.0,0
2026-02-13 23:36:25,0,49.5,0.0,0
2026-02-13 23:36:25,0,81.5,0.0,0
2026-02-13 23:36:25,0,61.8,0.0,0
2026-02-13 23:36:25,0,88.0,0.0,0
2026-02-13 23:36:25,0,79.3,0.0,0
2026-02-13 23:36:25,0,66.0,0.0,0
2026-02-13 23:36:25,0,87.2,0.0,0
2026-02-13 23:36:25,0,50.9,0.0,0
2026-02-13 23:36:25,0,45.5,54.4,0
2026-02-13 23:36:25,0,45.8,50.0,0
2026-02-13 23:36:25,0,37.6,44.8,0
2026-02-13 23:36:26,0,36.1,52.6,0
2026-02-13 23:36:26,0,31.7,0.0,0
2026-02-13 23:36:26,0,29.7,0.0,0
2026-02-13 23:36:26,0,25.8,0.0,0
2026-02-13 23:36:26,0,33.4,0.0,0
2026-02-13 23:36:26,0,23.1,0.0,0
2026-02-13 23:36:26,0,24.1,0.0,0
2026-02-13 23:36:26,0,32.4,0.0,0
2026-02-13 23:36:26,0,24.0,0.0,0
2026-02-13 23:36:26,0,37.0,0.0,0
2026-02-13 23:36:26,0,32.8,0.0,0
2026-02-13 23:36:26,0,58.5,0.0,0
2026-02-13 23:36:26,0,41.2,0.0,0
2026-02-13 23:36:26,1,95.8,0.0,1
2026-02-13 23:36:26,1,88.1,0.0,1
2026-02-13 23:36:26,0,25.0,0.0,0
2026-02-13 23:36:26,0,29.8,0.0,0
2026-02-13 23:36:26,0,30.4,0.0,0
2026-02-13 23:36:26,0,44.6,0.0,0
2026-02-13 23:36:26,0,38.4,0.0,0
2026-02-13 23:36:26,0,40.5,0.0,0
2026-02-13 23:36:26,0,35.7,0.0,0
2026-02-13 23:36:26,0,39.4,42.1,0
2026-02-13 23:36:26,0,59.0,50.0,0
2026-02-13 23:36:26,0,58.0,51.4,0
2026-02-13 23:36:27,0,61.2,36.4,0
2026-02-13 23:36:27,0,52.0,0.0,0
2026-02-13 23:36:27,0,54.4,0.0,0
2026-02-13 23:36:27,0,52.8,0.0,0
2026-02-13 23:36:27,0,49.8,0.0,0
2026-02-13 23:36:27,0,42.3,0.0,0
2026-02-13 23:36:27,0,32.8,0.0,0
2026-02-13 23:36:27,0,34.8,0.0,0
2026-02-13 23:36:27,0,39.2,0.0,0
2026-02-13 23:36:27,0,42.8,0.0,0
2026-02-13 23:36:27,0,49.6,0.0,0
2026-02-13 23:36:27,0,46.5,0.0,0
2026-02-13 23:36:27,0,40.5,0.0,0
2026-02-13 23:36:27,0,45.9,0.0,0
2026-02-13 23:36:27,0,37.0,0.0,0
2026-02-13 23:36:27,0,32.1,0.0,0
2026-02-13 23:36:27,0,29.3,0.0,0
2026-02-13 23:36:27,0,25.7,0.0,0
2026-02-13 23:36:27,0,26.7,0.0,0
2026-02-13 23:36:27,0,30.3,0.0,0
2026-02-13 23:36:27,0,28.4,0.0,0
2026-02-13 23:36:27,0,26.6,0.0,0
2026-02-13 23:36:27,0,25.7,0.0,0
2026-02-13 23:36:27,0,22.0,45.1,0
2026-02-13 23:36:27,0,23.4,32.3,0
2026-02-13 23:36:28,0,29.2,44.7,0
2026-02-13 23:36:28,0,27.6,32.1,0
2026-02-13 23:36:28,0,24.0,0.0,0
2026-02-13 23:36:28,0,26.6,0.0,0
2026-02-13 23:36:28,1,89.7,0.0,1
2026-02-13 23:36:28,0,23.5,0.0,0
2026-02-13 23:36:28,0,24.5,0.0,0
2026-02-13 23:36:28,0,24.2,0.0,0
2026-02-13 23:36:28,0,23.2,0.0,0
2026-02-13 23:36:28,0,28.2,0.0,0
2026-02-13 23:36:28,0,26.3,0.0,0
2026-02-13 23:36:28,0,22.4,0.0,0
2026-02-13 23:36:28,0,25.2,0.0,0
2026-02-13 23:36:28,0,29.1,0.0,0
2026-02-13 23:36:28,0,23.5,0.0,0
2026-02-13 23:36:28,0,23.1,0.0,0
2026-02-13 23:36:28,0,26.5,0.0,0
2026-02-13 23:36:28,0,24.9,0.0,0
2026-02-13 23:36:28,0,26.4,0.0,0
2026-02-13 23:36:28,0,28.7,0.0,0
2026-02-13 23:36:28,0,25.5,0.0,0
2026-02-13 23:36:28,0,33.1,0.0,0
2026-02-13 23:36:28,0,37.0,0.0,0
2026-02-13 23:36:29,0,37.8,35.9,0
2026-02-13 23:36:29,0,62.7,48.1,0
2026-02-13 23:36:29,0,51.1,44.4,0
2026-02-13 23:36:29,0,37.4,38.1,0
2026-02-13 23:36:29,0,24.0,37.5,0
2026-02-13 23:36:29,0,34.3,45.5,0
2026-02-13 23:36:29,0,25.6,29.4,0
2026-02-13 23:36:29,0,22.3,0.0,0
2026-02-13 23:36:29,0,24.4,0.0,0
2026-02-13 23:36:29,0,28.7,0.0,0
2026-02-13 23:36:29,0,24.1,0.0,0
2026-02-13 23:36:29,1,94.0,0.0,1
2026-02-13 23:36:29,0,33.8,0.0,0
2026-02-13 23:36:29,0,28.3,0.0,0
2026-02-13 23:36:29,0,30.1,0.0,0
2026-02-13 23:36:29,0,31.3,0.0,0
2026-02-13 23:36:29,0,38.7,0.0,0
2026-02-13 23:36:29,0,48.6,0.0,0
2026-02-13 23:36:29,0,58.2,0.0,0
2026-02-13 23:36:29,0,71.1,0.0,0
2026-02-13 23:36:29,0,81.8,0.0,0
2026-02-13 23:36:29,0,46.9,0.0,0
2026-02-13 23:36:29,0,58.8,0.0,0
2026-02-13 23:36:30,0,56.9,0.0,0
2026-02-13 23:36:30,0,63.2,0.0,0
2026-02-13 23:36:30,0,57.1,41.5,0
2026-02-13 23:36:30,0,57.1,48.6,0
2026-02-13 23:36:30,0,58.2,0.0,0
2026-02-13 23:36:30,0,57.0,0.0,0
2026-02-13 23:36:30,0,54.5,0.0,0
2026-02-13 23:36:30,0,50.8,0.0,0
2026-02-13 23:36:30,0,57.4,0.0,0
2026-02-13 23:36:30,0,60.9,0.0,0
2026-02-13 23:36:30,0,62.9,0.0,0
2026-02-13 23:36:30,0,63.9,0.0,0
2026-02-13 23:36:30,0,58.4,0.0,0
2026-02-13 23:36:30,0,60.3,0.0,0
2026-02-13 23:36:30,0,59.5,0.0,0
2026-02-13 23:36:30,0,59.2,0.0,0
2026-02-13 23:36:30,0,60.2,0.0,0
2026-02-13 23:36:30,0,64.4,0.0,0
2026-02-13 23:36:30,0,80.9,0.0,0
2026-02-13 23:36:30,0,35.4,0.0,0
2026-02-13 23:36:30,0,32.0,0.0,0
2026-02-13 23:36:30,0,28.8,0.0,0
2026-02-13 23:36:30,0,32.6,0.0,0
2026-02-13 23:36:30,0,30.8,0.0,0
2026-02-13 23:36:31,0,32.3,0.0,0
2026-02-13 23:36:31,0,29.3,0.0,0
2026-02-13 23:36:31,0,25.8,0.0,0
2026-02-13 23:36:31,0,22.1,47.4,0
2026-02-13 23:36:31,0,25.1,40.0,0
2026-02-13 23:36:31,0,30.9,33.3,0
2026-02-13 23:36:31,0,30.4,36.8,0
2026-02-13 23:36:31,0,21.9,52.4,0
2026-02-13 23:36:31,0,30.6,0.0,0
2026-02-13 23:36:31,0,26.6,0.0,0
2026-02-13 23:36:31,0,22.6,0.0,0
2026-02-13 23:36:31,0,30.7,0.0,0
2026-02-13 23:36:31,0,31.3,0.0,0
2026-02-13 23:36:31,0,26.5,0.0,0
2026-02-13 23:36:31,0,27.3,0.0,0
2026-02-13 23:36:31,0,27.3,0.0,0
2026-02-13 23:36:31,0,21.6,0.0,0
2026-02-13 23:36:31,0,31.0,0.0,0
2026-02-13 23:36:31,0,27.9,0.0,0
2026-02-13 23:36:31,0,23.2,0.0,0
2026-02-13 23:36:31,0,28.1,0.0,0
2026-02-13 23:36:31,0,30.6,0.0,0
2026-02-13 23:36:31,0,31.6,0.0,0
2026-02-13 23:36:31,0,32.2,0.0,0
2026-02-13 23:36:31,0,32.0,0.0,0
2026-02-13 23:36:32,0,39.6,0.0,0
2026-02-13 23:36:32,1,109.2,0.0,1
2026-02-13 23:36:32,0,48.0,38.6,0
2026-02-13 23:36:32,0,56.9,52.6,0
2026-02-13 23:36:32,0,55.4,35.1,0
2026-02-13 23:36:32,0,74.9,0.0,0
2026-02-13 23:36:32,0,81.1,0.0,0
2026-02-13 23:36:32,0,46.3,0.0,0
2026-02-13 23:36:32,0,54.0,0.0,0
2026-02-13 23:36:32,0,65.1,0.0,0
2026-02-13 23:36:32,0,66.5,0.0,0
2026-02-13 23:36:32,0,58.6,0.0,0
2026-02-13 23:36:32,0,47.5,0.0,0
2026-02-13 23:36:32,0,47.9,0.0,0
2026-02-13 23:36:32,0,42.6,0.0,0
2026-02-13 23:36:32,0,42.1,0.0,0
2026-02-13 23:36:32,0,47.4,0.0,0
2026-02-13 23:36:32,0,43.6,0.0,0
2026-02-13 23:36:32,0,48.8,0.0,0
2026-02-13 23:36:32,0,47.5,0.0,0
2026-02-13 23:36:32,0,56.4,0.0,0
2026-02-13 23:36:32,0,65.4,0.0,0
2026-02-13 23:36:32,0,64.5,0.0,0
2026-02-13 23:36:33,0,62.4,0.0,0
2026-02-13 23:36:33,0,56.9,0.0,0
2026-02-13 23:36:33,0,57.6,0.0,0
2026-02-13 23:36:33,0,52.1,45.4,0
2026-02-13 23:36:33,0,50.0,35.5,0
2026-02-13 23:36:33,0,43.7,42.3,0
2026-02-13 23:36:33,0,36.8,40.0,0
2026-02-13 23:36:33,0,30.3,56.0,0
2026-02-13 23:36:33,0,34.6,42.9,0
2026-02-13 23:36:33,0,35.8,37.5,0
2026-02-13 23:36:33,0,27.7,46.2,0
2026-02-13 23:36:33,0,30.7,0.0,0
2026-02-13 23:36:33,0,30.1,0.0,0
2026-02-13 23:36:33,0,31.2,0.0,0
2026-02-13 23:36:33,0,33.9,0.0,0
2026-02-13 23:36:33,0,27.7,0.0,0
2026-02-13 23:36:33,0,27.1,0.0,0
2026-02-13 23:36:33,0,25.6,0.0,0
2026-02-13 23:36:33,0,28.7,0.0,0
2026-02-13 23:36:33,0,32.8,0.0,0
2026-02-13 23:36:33,0,30.4,0.0,0
2026-02-13 23:36:33,0,28.4,0.0,0
2026-02-13 23:36:33,0,33.4,0.0,0
2026-02-13 23:36:33,0,29.8,0.0,0
2026-02-13 23:36:33,0,31.5,0.0,0
2026-02-13 23:36:34,0,35.0,38.5,0
2026-02-13 23:36:34,1,110.5,37.0,1
2026-02-13 23:36:34,0,53.5,57.1,0
2026-02-13 23:36:34,0,37.7,50.0,0
2026-02-13 23:36:34,0,21.5,38.9,0
2026-02-13 23:36:34,0,21.9,41.2,0
2026-02-13 23:36:34,0,30.9,33.3,0
2026-02-13 23:36:34,0,24.8,43.3,0
2026-02-13 23:36:34,0,31.7,32.5,0
2026-02-13 23:36:35,0,33.7,0.0,0
2026-02-13 23:36:35,0,24.8,0.0,0
2026-02-13 23:36:35,0,25.9,0.0,0
2026-02-13 23:36:35,0,22.4,0.0,0
2026-02-13 23:36:35,0,19.3,0.0,0
2026-02-13 23:36:35,0,26.6,0.0,0
2026-02-13 23:36:35,0,32.7,49.5,0
2026-02-13 23:36:35,0,23.3,30.8,0
2026-02-13 23:36:35,0,24.5,48.4,0
2026-02-13 23:36:35,0,31.4,39.0,0
2026-02-13 23:36:35,0,27.3,38.5,0
2026-02-13 23:36:35,0,55.3,0.0,0
2026-02-13 23:36:35,0,61.7,0.0,0
2026-02-13 23:36:35,0,73.5,0.0,0
2026-02-13 23:36:35,0,59.7,0.0,0
2026-02-13 23:36:35,0,28.0,0.0,0
2026-02-13 23:36:35,0,34.3,0.0,0
2026-02-13 23:36:35,0,23.4,0.0,0
2026-02-13 23:36:35,0,20.6,0.0,0
2026-02-13 23:36:35,0,19.5,0.0,0
2026-02-13 23:36:35,0,27.7,0.0,0
2026-02-13 23:36:35,0,22.6,0.0,0
2026-02-13 23:36:35,0,35.1,0.0,0
2026-02-13 23:36:35,0,22.4,0.0,0
2026-02-13 23:36:35,0,23.3,0.0,0
2026-02-13 23:36:36,0,33.6,0.0,0
2026-02-13 23:36:36,0,47.2,0.0,0
2026-02-13 23:36:36,0,31.4,0.0,0
2026-02-13 23:36:36,0,23.5,0.0,0
2026-02-13 23:36:36,0,25.3,0.0,0
2026-02-13 23:36:36,0,22.9,0.0,0
2026-02-13 23:36:36,0,25.0,50.6,0
2026-02-13 23:36:36,0,25.9,42.4,0
2026-02-13 23:36:36,0,24.9,0.0,0
2026-02-13 23:36:36,0,25.6,0.0,0
2026-02-13 23:36:36,0,26.5,0.0,0
2026-02-13 23:36:36,0,25.2,0.0,0
2026-02-13 23:36:36,0,25.0,0.0,0
2026-02-13 23:36:36,0,24.6,0.0,0
2026-02-13 23:36:36,0,26.2,0.0,0
2026-02-13 23:36:36,0,26.0,0.0,0
2026-02-13 23:36:36,0,26.6,0.0,0
2026-02-13 23:36:36,0,25.2,0.0,0
2026-02-13 23:36:36,0,23.6,0.0,0
2026-02-13 23:36:36,0,24.1,0.0,0
2026-02-13 23:36:36,0,24.9,0.0,0
2026-02-13 23:36:36,0,24.4,0.0,0
2026-02-13 23:36:36,0,27.2,0.0,0
2026-02-13 23:36:36,0,22.9,0.0,0
2026-02-13 23:36:36,0,25.1,0.0,0
2026-02-13 23:36:37,0,20.8,0.0,0
2026-02-13 23:36:37,0,23.7,0.0,0
2026-02-13 23:36:37,0,27.5,0.0,0
2026-02-13 23:36:37,0,23.1,0.0,0
2026-02-13 23:36:37,0,30.2,0.0,0
2026-02-13 23:36:37,0,41.1,37.4,0
2026-02-13 23:36:37,0,47.3,29.6,0
2026-02-13 23:36:37,0,43.4,37.1,0
2026-02-13 23:36:37,0,56.6,38.1,0
2026-02-13 23:36:37,0,69.3,30.6,0
2026-02-13 23:36:37,0,68.8,28.9,0
2026-02-13 23:36:37,0,86.4,40.5,0
2026-02-13 23:36:37,0,57.0,29.7,0
2026-02-13 23:36:37,0,63.0,89.2,0
2026-02-13 23:36:37,0,91.7,0.0,0
2026-02-13 23:36:37,0,84.8,0.0,0
2026-02-13 23:36:37,0,126.4,0.0,0
2026-02-13 23:36:38,0,120.8,0.0,0
2026-02-13 23:36:38,0,79.4,0.0,0
2026-02-13 23:36:38,0,93.5,0.0,0
2026-02-13 23:36:38,0,44.6,0.0,0
2026-02-13 23:36:38,0,40.9,0.0,0
2026-02-13 23:36:38,0,35.8,59.8,0
2026-02-13 23:36:38,0,28.7,57.1,0
2026-02-13 23:36:38,0,25.6,77.8,0
2026-02-13 23:36:38,0,30.3,42.9,0
2026-02-13 23:36:38,0,23.0,42.3,0
2026-02-13 23:36:38,0,21.4,37.0,0
2026-02-13 23:36:38,0,23.5,40.5,0
2026-02-13 23:36:38,0,30.6,0.0,0
2026-02-13 23:36:38,0,29.9,0.0,0
2026-02-13 23:36:38,0,26.6,0.0,0
